{
    "root_group": {
        "id": "d41d8cd98f00b204e9800998ecf8427e",
        "groups": {},
        "checks": {
                "status is expected": {
                    "name": "status is expected",
                    "path": "::status is expected",
                    "id": "7900b1724c781e002b4ea556d2517ccc",
                    "passes": 59,
                    "fails": 0
                }
            },
        "name": "",
        "path": ""
    },
    "metrics": {
        "data_sent": {
            "rate": 259.3373112542533,
            "count": 10374
        },
        "iterations": {
            "count": 59,
            "rate": 1.4749278353577158
        },
        "iteration_duration": {
            "med": 20281.492102,
            "max": 39520.427804,
            "p(90)": 35673.75568,
            "p(95)": 37594.587077699995,
            "avg": 20140.527601542373,
            "min": 694.260126
        },
        "http_req_sending": {
            "avg": 0.3054792881355932,
            "min": 0.017461,
            "med": 0.12789,
            "max": 2.191063,
            "p(90)": 1.1629056,
            "p(95)": 1.3096700999999986
        },
        "http_req_tls_handshaking": {
            "med": 0,
            "max": 0,
            "p(90)": 0,
            "p(95)": 0,
            "avg": 0,
            "min": 0
        },
        "vus": {
            "value": 55,
            "min": 55,
            "max": 100
        },
        "http_req_duration{expected_response:true}": {
            "min": 692.400002,
            "med": 20280.656995,
            "max": 39519.387369,
            "p(90)": 35671.7123518,
            "p(95)": 37593.250062499996,
            "avg": 20138.839492016945
        },
        "http_reqs": {
            "count": 59,
            "rate": 1.4749278353577158
        },
        "vus_max": {
            "value": 100,
            "min": 100,
            "max": 100
        },
        "http_req_connecting": {
            "avg": 1.3450164576271186,
            "min": 0.143926,
            "med": 1.273334,
            "max": 3.628707,
            "p(90)": 2.2166044,
            "p(95)": 2.4365532
        },
        "data_received": {
            "count": 59394,
            "rate": 1484.777353444681
        },
        "checks": {
            "passes": 59,
            "fails": 0,
            "value": 1
        },
        "http_req_receiving": {
            "max": 0.848972,
            "p(90)": 0.590461,
            "p(95)": 0.6587989999999994,
            "avg": 0.41012177966101687,
            "min": 0.25724,
            "med": 0.382966
        },
        "http_req_duration": {
            "avg": 20138.839492016945,
            "min": 692.400002,
            "med": 20280.656995,
            "max": 39519.387369,
            "p(90)": 35671.7123518,
            "p(95)": 37593.250062499996
        },
        "http_req_failed": {
            "passes": 0,
            "fails": 59,
            "value": 0
        },
        "http_req_blocked": {
            "p(90)": 2.318469000000001,
            "p(95)": 2.4778868,
            "avg": 1.4718973898305083,
            "min": 0.183333,
            "med": 1.401423,
            "max": 3.69443
        },
        "http_req_waiting": {
            "avg": 20138.123890949148,
            "min": 691.970342,
            "med": 20280.146402,
            "max": 39517.597569,
            "p(90)": 35670.8710908,
            "p(95)": 37591.6135465
        }
    }
}