{
    "root_group": {
        "name": "",
        "path": "",
        "id": "d41d8cd98f00b204e9800998ecf8427e",
        "groups": {},
        "checks": {
                "status is expected": {
                    "id": "7900b1724c781e002b4ea556d2517ccc",
                    "passes": 1656,
                    "fails": 0,
                    "name": "status is expected",
                    "path": "::status is expected"
                }
            }
    },
    "metrics": {
        "http_req_waiting": {
            "med": 630.304631,
            "max": 849.157512,
            "p(90)": 659.82564,
            "p(95)": 699.116792,
            "avg": 627.4699477910627,
            "min": 187.865983
        },
        "vus_max": {
            "value": 100,
            "min": 100,
            "max": 100
        },
        "http_req_sending": {
            "avg": 0.04903473007246366,
            "min": 0.014752,
            "med": 0.033621,
            "max": 1.231669,
            "p(90)": 0.06377550000000001,
            "p(95)": 0.103794
        },
        "data_sent": {
            "count": 144072,
            "rate": 13341.435269135616
        },
        "http_req_tls_handshaking": {
            "p(90)": 0,
            "p(95)": 0,
            "avg": 0,
            "min": 0,
            "med": 0,
            "max": 0
        },
        "vus": {
            "value": 100,
            "min": 100,
            "max": 100
        },
        "http_req_receiving": {
            "med": 0.2764,
            "max": 7.040767,
            "p(90)": 0.43434799999999996,
            "p(95)": 0.496479,
            "avg": 0.30481714855072484,
            "min": 0.107488
        },
        "http_req_duration": {
            "avg": 627.8237996696872,
            "min": 189.58496,
            "med": 630.634623,
            "max": 849.454114,
            "p(90)": 660.192967,
            "p(95)": 699.55404625
        },
        "http_req_connecting": {
            "med": 0.105586,
            "max": 3.019109,
            "p(90)": 0.194413,
            "p(95)": 0.686855,
            "avg": 0.19762034299516934,
            "min": 0.053343
        },
        "iterations": {
            "count": 1656,
            "rate": 153.34983067971973
        },
        "http_req_duration{expected_response:true}": {
            "p(90)": 660.192967,
            "p(95)": 699.55404625,
            "avg": 627.8237996696872,
            "min": 189.58496,
            "med": 630.634623,
            "max": 849.454114
        },
        "http_req_blocked": {
            "avg": 0.2702293514492748,
            "min": 0.091278,
            "med": 0.17118650000000002,
            "max": 3.108161,
            "p(90)": 0.3218175,
            "p(95)": 0.7915322499999999
        },
        "http_req_failed": {
            "passes": 0,
            "fails": 1656,
            "value": 0
        },
        "checks": {
            "passes": 1656,
            "fails": 0,
            "value": 1
        },
        "data_received": {
            "count": 457056,
            "rate": 42324.55326760265
        },
        "iteration_duration": {
            "p(95)": 699.8218505,
            "avg": 628.2455953780188,
            "min": 190.439273,
            "med": 630.9351105,
            "max": 851.671141,
            "p(90)": 660.553632
        },
        "http_reqs": {
            "count": 1656,
            "rate": 153.34983067971973
        }
    }
}