{
    "metrics": {
        "checks": {
            "passes": 39,
            "fails": 0,
            "value": 1
        },
        "iterations": {
            "count": 39,
            "rate": 0.9746718288237061
        },
        "http_req_connecting": {
            "med": 37.398781,
            "max": 38.592596,
            "p(90)": 38.3501268,
            "p(95)": 38.5616513,
            "avg": 37.37604323076924,
            "min": 36.046936
        },
        "http_req_sending": {
            "p(95)": 11.7879594,
            "avg": 11.735981794871796,
            "min": 11.663249,
            "med": 11.733657,
            "max": 11.803241,
            "p(90)": 11.7818278
        },
        "http_req_blocked": {
            "p(90)": 38.3925816,
            "p(95)": 38.5931134,
            "avg": 37.416553743589745,
            "min": 36.099266,
            "med": 37.430631,
            "max": 38.654831
        },
        "http_req_duration{expected_response:true}": {
            "avg": 29142.405860461546,
            "min": 18272.807203,
            "med": 29148.513942,
            "max": 39623.896562,
            "p(90)": 37722.5379842,
            "p(95)": 38699.2040838
        },
        "http_req_receiving": {
            "min": 0.286452,
            "med": 0.424931,
            "max": 1.051612,
            "p(90)": 0.8226922,
            "p(95)": 0.9834418,
            "avg": 0.5100192564102565
        },
        "http_req_failed": {
            "passes": 0,
            "fails": 39,
            "value": 0
        },
        "vus_max": {
            "min": 1000,
            "max": 1000,
            "value": 1000
        },
        "http_reqs": {
            "count": 39,
            "rate": 0.9746718288237061
        },
        "http_req_duration": {
            "avg": 29142.405860461546,
            "min": 18272.807203,
            "med": 29148.513942,
            "max": 39623.896562,
            "p(90)": 37722.5379842,
            "p(95)": 38699.2040838
        },
        "vus": {
            "value": 961,
            "min": 961,
            "max": 1000
        },
        "http_req_tls_handshaking": {
            "avg": 0,
            "min": 0,
            "med": 0,
            "max": 0,
            "p(90)": 0,
            "p(95)": 0
        },
        "data_sent": {
            "count": 93000,
            "rate": 2324.2174379642224
        },
        "http_req_waiting": {
            "max": 39611.785629,
            "p(90)": 37710.360239600006,
            "p(95)": 38687.1095192,
            "avg": 29130.159859410254,
            "min": 18260.615188,
            "med": 29136.328005
        },
        "data_received": {
            "count": 2803961,
            "rate": 70075.4306620602
        },
        "iteration_duration": {
            "p(90)": 37759.1855596,
            "p(95)": 38735.5999406,
            "avg": 29180.06809635897,
            "min": 18311.758968,
            "med": 29186.149606,
            "max": 39660.165245
        }
    },
    "root_group": {
        "name": "",
        "path": "",
        "id": "d41d8cd98f00b204e9800998ecf8427e",
        "groups": {},
        "checks": {
                "status is expected": {
                    "passes": 39,
                    "fails": 0,
                    "name": "status is expected",
                    "path": "::status is expected",
                    "id": "7900b1724c781e002b4ea556d2517ccc"
                }
            }
    }
}