{
    "metrics": {
        "http_req_waiting": {
            "med": 4586.3028085000005,
            "max": 4756.022192,
            "p(90)": 4727.0698015,
            "p(95)": 4735.409285,
            "avg": 3877.3543439483487,
            "min": 14.679744
        },
        "vus_max": {
            "value": 1000,
            "min": 1000,
            "max": 1000
        },
        "http_req_sending": {
            "med": 0.0310115,
            "max": 33.816183,
            "p(90)": 8.365089000000001,
            "p(95)": 16.745326,
            "avg": 2.0337318212927724,
            "min": 0.008835
        },
        "http_req_tls_handshaking": {
            "avg": 0,
            "min": 0,
            "med": 0,
            "max": 0,
            "p(90)": 0,
            "p(95)": 0
        },
        "vus": {
            "value": 157,
            "min": 157,
            "max": 1000
        },
        "http_reqs": {
            "count": 3156,
            "rate": 214.75258918503926
        },
        "http_req_connecting": {
            "avg": 6.574663121673031,
            "min": 0.034542,
            "med": 0.09225249999999999,
            "max": 53.92887,
            "p(90)": 24.4164715,
            "p(95)": 34.55183975
        },
        "http_req_duration{expected_response:true}": {
            "p(90)": 4727.3018245,
            "p(95)": 4735.6897105,
            "avg": 3879.626504637501,
            "min": 16.824653,
            "med": 4586.5304795,
            "max": 4756.270404
        },
        "iterations": {
            "count": 3156,
            "rate": 214.75258918503926
        },
        "http_req_receiving": {
            "min": 0.074808,
            "med": 0.21029350000000002,
            "max": 23.470469,
            "p(90)": 0.291221,
            "p(95)": 0.33630475000000004,
            "avg": 0.2384288678707222
        },
        "http_req_failed": {
            "passes": 0,
            "fails": 3156,
            "value": 0
        },
        "checks": {
            "passes": 3156,
            "fails": 0,
            "value": 1
        },
        "data_received": {
            "count": 871056,
            "rate": 59271.714615070836
        },
        "iteration_duration": {
            "p(95)": 4735.937586,
            "avg": 3886.497059502541,
            "min": 48.303159,
            "med": 4586.774781,
            "max": 4756.525468,
            "p(90)": 4727.556079
        },
        "http_req_duration": {
            "avg": 3879.626504637501,
            "min": 16.824653,
            "med": 4586.5304795,
            "max": 4756.270404,
            "p(90)": 4727.3018245,
            "p(95)": 4735.6897105
        },
        "http_req_blocked": {
            "min": 0.054379,
            "med": 0.1510515,
            "max": 84.515046,
            "p(90)": 25.004468,
            "p(95)": 35.1785575,
            "avg": 6.888296019645109
        },
        "data_sent": {
            "count": 274572,
            "rate": 18683.475259098417
        }
    },
    "root_group": {
        "groups": {},
        "checks": {
                "status is expected": {
                    "name": "status is expected",
                    "path": "::status is expected",
                    "id": "7900b1724c781e002b4ea556d2517ccc",
                    "passes": 3156,
                    "fails": 0
                }
            },
        "name": "",
        "path": "",
        "id": "d41d8cd98f00b204e9800998ecf8427e"
    }
}