{
    "root_group": {
        "name": "",
        "path": "",
        "id": "d41d8cd98f00b204e9800998ecf8427e",
        "groups": {},
        "checks": {
                "status is expected": {
                    "path": "::status is expected",
                    "id": "7900b1724c781e002b4ea556d2517ccc",
                    "passes": 81,
                    "fails": 0,
                    "name": "status is expected"
                }
            }
    },
    "metrics": {
        "http_req_duration": {
            "med": 20284.029894,
            "max": 39941.726905,
            "p(90)": 36073.342053,
            "p(95)": 38041.982154,
            "avg": 20228.489810888896,
            "min": 489.91485
        },
        "http_req_sending": {
            "avg": 0.17702249382716048,
            "min": 0.014928,
            "med": 0.137881,
            "max": 3.231917,
            "p(90)": 0.283916,
            "p(95)": 0.298466
        },
        "http_req_waiting": {
            "med": 20283.454016,
            "max": 39941.370635,
            "p(90)": 36073.061429,
            "p(95)": 38041.781606,
            "avg": 20228.01704329629,
            "min": 489.461084
        },
        "checks": {
            "passes": 81,
            "fails": 0,
            "value": 1
        },
        "iterations": {
            "count": 81,
            "rate": 2.024943119044045
        },
        "http_req_duration{expected_response:true}": {
            "p(90)": 36073.342053,
            "p(95)": 38041.982154,
            "avg": 20228.489810888896,
            "min": 489.91485,
            "med": 20284.029894,
            "max": 39941.726905
        },
        "http_req_connecting": {
            "avg": 0.2160346419753088,
            "min": 0.034709,
            "med": 0.123353,
            "max": 0.829063,
            "p(90)": 0.575641,
            "p(95)": 0.685946
        },
        "vus_max": {
            "min": 100,
            "max": 100,
            "value": 100
        },
        "data_sent": {
            "count": 10920,
            "rate": 272.99233160445635
        },
        "http_reqs": {
            "count": 81,
            "rate": 2.024943119044045
        },
        "http_req_tls_handshaking": {
            "avg": 0,
            "min": 0,
            "med": 0,
            "max": 0,
            "p(90)": 0,
            "p(95)": 0
        },
        "data_received": {
            "count": 81639,
            "rate": 2040.917670316503
        },
        "http_req_failed": {
            "passes": 0,
            "fails": 81,
            "value": 0
        },
        "iteration_duration": {
            "avg": 20228.92479222222,
            "min": 490.407305,
            "med": 20284.318722,
            "max": 39942.000658,
            "p(90)": 36073.57129,
            "p(95)": 38042.221076
        },
        "http_req_blocked": {
            "avg": 0.24464071604938273,
            "min": 0.054848,
            "med": 0.156054,
            "max": 0.852488,
            "p(90)": 0.596314,
            "p(95)": 0.708409
        },
        "http_req_receiving": {
            "min": 0.172219,
            "med": 0.28986,
            "max": 0.597266,
            "p(90)": 0.374704,
            "p(95)": 0.405111,
            "avg": 0.29574509876543215
        },
        "vus": {
            "value": 39,
            "min": 39,
            "max": 100
        }
    }
}