{
    "root_group": {
        "groups": {},
        "checks": {
                "status is expected": {
                    "name": "status is expected",
                    "path": "::status is expected",
                    "id": "7900b1724c781e002b4ea556d2517ccc",
                    "passes": 2602,
                    "fails": 0
                }
            },
        "name": "",
        "path": "",
        "id": "d41d8cd98f00b204e9800998ecf8427e"
    },
    "metrics": {
        "checks": {
            "passes": 2602,
            "fails": 0,
            "value": 1
        },
        "http_req_receiving": {
            "avg": 0.3115264784780939,
            "min": 0.107949,
            "med": 0.280767,
            "max": 3.492779,
            "p(90)": 0.4486661,
            "p(95)": 0.5437134499999997
        },
        "vus_max": {
            "value": 1000,
            "min": 1000,
            "max": 1000
        },
        "http_req_connecting": {
            "avg": 9.766262733282078,
            "min": 0.04516,
            "med": 0.1279055,
            "max": 62.757432,
            "p(90)": 32.54770490000001,
            "p(95)": 49.08374909999999
        },
        "http_req_blocked": {
            "max": 64.020341,
            "p(90)": 33.169074800000004,
            "p(95)": 49.18473674999999,
            "avg": 9.93806960568788,
            "min": 0.080026,
            "med": 0.204732
        },
        "http_req_sending": {
            "avg": 0.6732898589546524,
            "min": 0.011233,
            "med": 0.0429,
            "max": 23.652908,
            "p(90)": 1.6088217,
            "p(95)": 2.9974243499999997
        },
        "http_req_tls_handshaking": {
            "p(90)": 0,
            "p(95)": 0,
            "avg": 0,
            "min": 0,
            "med": 0,
            "max": 0
        },
        "http_req_duration": {
            "avg": 5162.672892308221,
            "min": 54.708232,
            "med": 6241.593724,
            "max": 7084.602683,
            "p(90)": 6777.3018507,
            "p(95)": 6892.929605699999
        },
        "iterations": {
            "count": 2602,
            "rate": 152.32125416179454
        },
        "vus": {
            "max": 1000,
            "value": 19,
            "min": 19
        },
        "http_req_duration{expected_response:true}": {
            "p(95)": 6892.929605699999,
            "avg": 5162.672892308221,
            "min": 54.708232,
            "med": 6241.593724,
            "max": 7084.602683,
            "p(90)": 6777.3018507
        },
        "http_req_waiting": {
            "med": 6241.244155,
            "max": 7083.771706,
            "p(90)": 6777.0430091,
            "p(95)": 6892.5725941499995,
            "avg": 5161.688075970782,
            "min": 27.593564
        },
        "iteration_duration": {
            "max": 7084.970844,
            "p(90)": 6777.6149059,
            "p(95)": 6893.1668884,
            "avg": 5172.787771613001,
            "min": 67.362124,
            "med": 6241.873820999999
        },
        "data_received": {
            "count": 718152,
            "rate": 42040.6661486553
        },
        "http_req_failed": {
            "passes": 0,
            "fails": 2602,
            "value": 0
        },
        "data_sent": {
            "count": 226374,
            "rate": 13251.949112076127
        },
        "http_reqs": {
            "count": 2602,
            "rate": 152.32125416179454
        }
    }
}