{
    "root_group": {
        "path": "",
        "id": "d41d8cd98f00b204e9800998ecf8427e",
        "groups": {},
        "checks": {
                "status is expected": {
                    "fails": 0,
                    "name": "status is expected",
                    "path": "::status is expected",
                    "id": "7900b1724c781e002b4ea556d2517ccc",
                    "passes": 7
                }
            },
        "name": ""
    },
    "metrics": {
        "vus": {
            "max": 1000,
            "value": 993,
            "min": 993
        },
        "checks": {
            "passes": 7,
            "fails": 0,
            "value": 1
        },
        "http_req_failed": {
            "passes": 0,
            "fails": 7,
            "value": 0
        },
        "data_sent": {
            "rate": 2323.16346052921,
            "count": 93000
        },
        "vus_max": {
            "value": 1000,
            "min": 1000,
            "max": 1000
        },
        "http_req_tls_handshaking": {
            "max": 0,
            "p(90)": 0,
            "p(95)": 0,
            "avg": 0,
            "min": 0,
            "med": 0
        },
        "http_req_sending": {
            "p(95)": 5.959347399999998,
            "avg": 3.8243247142857144,
            "min": 3.20751,
            "med": 3.249843,
            "max": 7.054261,
            "p(90)": 4.864433800000001
        },
        "iterations": {
            "count": 7,
            "rate": 0.17486176584628463
        },
        "http_req_duration{expected_response:true}": {
            "max": 39270.843031,
            "p(90)": 38804.3752858,
            "p(95)": 39037.609158399995,
            "avg": 37036.90818228571,
            "min": 34885.610404,
            "med": 36969.795909
        },
        "http_req_receiving": {
            "med": 0.493684,
            "max": 0.734729,
            "p(90)": 0.6429860000000001,
            "p(95)": 0.6888574999999999,
            "avg": 0.5291841428571429,
            "min": 0.449981
        },
        "http_reqs": {
            "rate": 0.17486176584628463,
            "count": 7
        },
        "http_req_blocked": {
            "p(95)": 57.9106755,
            "avg": 57.62326428571429,
            "min": 57.18308,
            "med": 57.734704,
            "max": 57.947028,
            "p(90)": 57.874323000000004
        },
        "http_req_duration": {
            "avg": 37036.90818228571,
            "min": 34885.610404,
            "med": 36969.795909,
            "max": 39270.843031,
            "p(90)": 38804.3752858,
            "p(95)": 39037.609158399995
        },
        "iteration_duration": {
            "avg": 37094.19415085715,
            "min": 34943.920166,
            "med": 37027.715872,
            "max": 39324.628358,
            "p(90)": 38860.354183999996,
            "p(95)": 39092.491271
        },
        "data_received": {
            "count": 503798,
            "rate": 12585.001129975215
        },
        "http_req_waiting": {
            "avg": 37032.554673428574,
            "min": 34881.899518,
            "med": 36966.080709,
            "max": 39263.054041,
            "p(90)": 38798.9219476,
            "p(95)": 39030.9879943
        },
        "http_req_connecting": {
            "max": 57.825473,
            "p(90)": 57.8029364,
            "p(95)": 57.8142047,
            "avg": 57.01115442857143,
            "min": 53.490472,
            "med": 57.695507
        }
    }
}