{
    "metrics": {
        "iteration_duration": {
            "p(95)": 477.23851215,
            "avg": 442.52232334242433,
            "min": 8.959289,
            "med": 449.4472385,
            "max": 481.442574,
            "p(90)": 473.8524025
        },
        "http_req_duration": {
            "avg": 442.25217593419933,
            "min": 7.880903,
            "med": 449.21650750000003,
            "max": 481.28317,
            "p(90)": 473.6119888,
            "p(95)": 476.9972583
        },
        "http_req_blocked": {
            "avg": 0.15798510476190497,
            "min": 0.053261,
            "med": 0.126948,
            "max": 3.475864,
            "p(90)": 0.19333399999999998,
            "p(95)": 0.27328939999999946
        },
        "http_req_connecting": {
            "p(95)": 0.17062499999999942,
            "avg": 0.10388924805194825,
            "min": 0.034712,
            "med": 0.0781955,
            "max": 3.239252,
            "p(90)": 0.12248579999999998
        },
        "vus_max": {
            "value": 100,
            "min": 100,
            "max": 100
        },
        "http_req_sending": {
            "min": 0.011129,
            "med": 0.023071,
            "max": 0.911317,
            "p(90)": 0.0374069,
            "p(95)": 0.05481484999999995,
            "avg": 0.03380439480519484
        },
        "http_req_waiting": {
            "min": 7.64088,
            "med": 448.997241,
            "max": 481.095165,
            "p(90)": 473.4017668,
            "p(95)": 476.74662739999997,
            "avg": 442.00767168138685
        },
        "data_sent": {
            "count": 200970,
            "rate": 19253.233501266823
        },
        "vus": {
            "value": 100,
            "min": 100,
            "max": 100
        },
        "http_req_failed": {
            "passes": 0,
            "fails": 2310,
            "value": 0
        },
        "checks": {
            "passes": 2310,
            "fails": 0,
            "value": 1
        },
        "data_received": {
            "count": 637560,
            "rate": 61079.22352126026
        },
        "http_req_receiving": {
            "max": 0.630195,
            "p(90)": 0.2768343,
            "p(95)": 0.3204459499999998,
            "avg": 0.21069985800865756,
            "min": 0.05319,
            "med": 0.204785
        },
        "http_reqs": {
            "rate": 221.3015344973198,
            "count": 2310
        },
        "http_req_tls_handshaking": {
            "avg": 0,
            "min": 0,
            "med": 0,
            "max": 0,
            "p(90)": 0,
            "p(95)": 0
        },
        "iterations": {
            "count": 2310,
            "rate": 221.3015344973198
        },
        "http_req_duration{expected_response:true}": {
            "max": 481.28317,
            "p(90)": 473.6119888,
            "p(95)": 476.9972583,
            "avg": 442.25217593419933,
            "min": 7.880903,
            "med": 449.21650750000003
        }
    },
    "root_group": {
        "name": "",
        "path": "",
        "id": "d41d8cd98f00b204e9800998ecf8427e",
        "groups": {},
        "checks": {
                "status is expected": {
                    "name": "status is expected",
                    "path": "::status is expected",
                    "id": "7900b1724c781e002b4ea556d2517ccc",
                    "passes": 2310,
                    "fails": 0
                }
            }
    }
}