{
    "root_group": {
        "id": "d41d8cd98f00b204e9800998ecf8427e",
        "groups": {},
        "checks": {
                "status is expected": {
                    "name": "status is expected",
                    "path": "::status is expected",
                    "id": "7900b1724c781e002b4ea556d2517ccc",
                    "passes": 118825,
                    "fails": 0
                }
            },
        "name": "",
        "path": ""
    },
    "metrics": {
        "http_req_waiting": {
            "med": 6.208812,
            "max": 83.366666,
            "p(90)": 14.1671712,
            "p(95)": 19.115606799999995,
            "avg": 7.466757287060837,
            "min": 0.025098
        },
        "vus": {
            "value": 100,
            "min": 100,
            "max": 100
        },
        "checks": {
            "passes": 118825,
            "fails": 0,
            "value": 1
        },
        "http_req_duration": {
            "p(95)": 19.96499059999999,
            "avg": 7.853812797054458,
            "min": 0.041506,
            "med": 6.311034,
            "max": 135.246397,
            "p(90)": 14.5982248
        },
        "http_req_tls_handshaking": {
            "avg": 0,
            "min": 0,
            "med": 0,
            "max": 0,
            "p(90)": 0,
            "p(95)": 0
        },
        "data_received": {
            "count": 16516675,
            "rate": 1648154.6141904641
        },
        "http_req_receiving": {
            "min": 0.007894,
            "med": 0.015753,
            "max": 104.104436,
            "p(90)": 0.030232800000000018,
            "p(95)": 0.1315275999999999,
            "avg": 0.3078369396086665
        },
        "data_sent": {
            "count": 9862475,
            "rate": 984149.8775381908
        },
        "http_req_failed": {
            "passes": 0,
            "fails": 118825,
            "value": 0
        },
        "vus_max": {
            "value": 100,
            "min": 100,
            "max": 100
        },
        "http_req_duration{expected_response:true}": {
            "min": 0.041506,
            "med": 6.311034,
            "max": 135.246397,
            "p(90)": 14.5982248,
            "p(95)": 19.96499059999999,
            "avg": 7.853812797054458
        },
        "iteration_duration": {
            "med": 6.536575,
            "max": 135.287673,
            "p(90)": 15.784489600000022,
            "p(95)": 22.099075599999953,
            "avg": 8.357628595076866,
            "min": 0.07886
        },
        "http_req_sending": {
            "avg": 0.07921857038501912,
            "min": 0.002712,
            "med": 0.005931,
            "max": 103.011991,
            "p(90)": 0.011065600000000005,
            "p(95)": 0.015428
        },
        "http_req_blocked": {
            "p(90)": 0.002185,
            "p(95)": 0.002927,
            "avg": 0.015404647498422437,
            "min": 0.000532,
            "med": 0.001194,
            "max": 43.574453
        },
        "http_req_connecting": {
            "med": 0,
            "max": 43.531636,
            "p(90)": 0,
            "p(95)": 0,
            "avg": 0.003473932101830423,
            "min": 0
        },
        "http_reqs": {
            "count": 118825,
            "rate": 11857.227440219167
        },
        "iterations": {
            "count": 118825,
            "rate": 11857.227440219167
        }
    }
}