{
    "root_group": {
        "name": "",
        "path": "",
        "id": "d41d8cd98f00b204e9800998ecf8427e",
        "groups": {},
        "checks": {
                "status is expected": {
                    "path": "::status is expected",
                    "id": "7900b1724c781e002b4ea556d2517ccc",
                    "passes": 495600,
                    "fails": 0,
                    "name": "status is expected"
                }
            }
    },
    "metrics": {
        "http_req_duration": {
            "avg": 1.9320862826452707,
            "min": 0.038829,
            "med": 1.546426,
            "max": 21.057052,
            "p(90)": 3.8033698000000014,
            "p(95)": 5.015916
        },
        "vus_max": {
            "value": 100,
            "min": 100,
            "max": 100
        },
        "http_req_waiting": {
            "max": 19.590339,
            "p(90)": 3.733668600000001,
            "p(95)": 4.904050999999997,
            "avg": 1.8875790334725895,
            "min": 0.022129,
            "med": 1.5170065
        },
        "iteration_duration": {
            "p(95)": 5.161517749999999,
            "avg": 2.0073526343926598,
            "min": 0.073372,
            "med": 1.6068115,
            "max": 22.75602,
            "p(90)": 3.9116317000000014
        },
        "http_req_duration{expected_response:true}": {
            "avg": 1.9320862826452707,
            "min": 0.038829,
            "med": 1.546426,
            "max": 21.057052,
            "p(90)": 3.8033698000000014,
            "p(95)": 5.015916
        },
        "http_req_blocked": {
            "avg": 0.0023032513882161455,
            "min": 0.000537,
            "med": 0.001193,
            "max": 11.91099,
            "p(90)": 0.001881,
            "p(95)": 0.002363
        },
        "http_req_receiving": {
            "min": 0.005981,
            "med": 0.014586,
            "max": 19.629628,
            "p(90)": 0.025175,
            "p(95)": 0.04137054999999987,
            "avg": 0.03246413197336516
        },
        "checks": {
            "fails": 0,
            "passes": 495600,
            "value": 1
        },
        "http_req_tls_handshaking": {
            "max": 0,
            "p(90)": 0,
            "p(95)": 0,
            "avg": 0,
            "min": 0,
            "med": 0
        },
        "vus": {
            "value": 100,
            "min": 100,
            "max": 100
        },
        "http_reqs": {
            "count": 495600,
            "rate": 49541.026396244866
        },
        "iterations": {
            "count": 495600,
            "rate": 49541.026396244866
        },
        "http_req_connecting": {
            "p(90)": 0,
            "p(95)": 0,
            "avg": 0.00022247566585956407,
            "min": 0,
            "med": 0,
            "max": 2.09104
        },
        "http_req_failed": {
            "passes": 0,
            "fails": 495600,
            "value": 0
        },
        "data_received": {
            "count": 68888400,
            "rate": 6886202.669078036
        },
        "data_sent": {
            "count": 41134800,
            "rate": 4111905.190888324
        },
        "http_req_sending": {
            "p(90)": 0.010026,
            "p(95)": 0.013564049999999987,
            "avg": 0.012043117199354551,
            "min": 0.002547,
            "med": 0.005725,
            "max": 16.460236
        }
    }
}