{
    "root_group": {
        "name": "",
        "path": "",
        "id": "d41d8cd98f00b204e9800998ecf8427e",
        "groups": {},
        "checks": {
                "status is expected": {
                    "id": "7900b1724c781e002b4ea556d2517ccc",
                    "passes": 156681,
                    "fails": 0,
                    "name": "status is expected",
                    "path": "::status is expected"
                }
            }
    },
    "metrics": {
        "vus": {
            "value": 1000,
            "min": 1000,
            "max": 1000
        },
        "checks": {
            "fails": 0,
            "passes": 156681,
            "value": 1
        },
        "data_received": {
            "count": 21778659,
            "rate": 2169343.814831381
        },
        "http_req_waiting": {
            "p(95)": 99.030616,
            "avg": 36.57758300201666,
            "min": 0.044162,
            "med": 29.182307,
            "max": 213.737075,
            "p(90)": 74.858391
        },
        "vus_max": {
            "max": 1000,
            "value": 1000,
            "min": 1000
        },
        "http_req_duration": {
            "p(95)": 132.200056,
            "avg": 41.34470417899362,
            "min": 0.062373,
            "med": 29.976345,
            "max": 325.660995,
            "p(90)": 84.651205
        },
        "http_req_failed": {
            "passes": 0,
            "fails": 156681,
            "value": 0
        },
        "data_sent": {
            "rate": 1295363.5728849254,
            "count": 13004523
        },
        "http_req_receiving": {
            "min": 0.008893,
            "med": 0.015793,
            "max": 277.237552,
            "p(90)": 0.536974,
            "p(95)": 35.052361,
            "avg": 4.228418786496174
        },
        "http_req_duration{expected_response:true}": {
            "p(90)": 84.651205,
            "p(95)": 132.200056,
            "avg": 41.34470417899362,
            "min": 0.062373,
            "med": 29.976345,
            "max": 325.660995
        },
        "http_req_tls_handshaking": {
            "med": 0,
            "max": 0,
            "p(90)": 0,
            "p(95)": 0,
            "avg": 0,
            "min": 0
        },
        "http_req_sending": {
            "avg": 0.5387023904812941,
            "min": 0.003177,
            "med": 0.006579,
            "max": 263.912197,
            "p(90)": 0.016009,
            "p(95)": 0.121727
        },
        "iteration_duration": {
            "max": 401.652956,
            "p(90)": 128.834145,
            "p(95)": 172.994162,
            "avg": 61.282070798604124,
            "min": 0.127752,
            "med": 45.933577
        },
        "http_req_connecting": {
            "avg": 0.39050847522673454,
            "min": 0,
            "med": 0,
            "max": 224.008589,
            "p(90)": 0,
            "p(95)": 0
        },
        "http_reqs": {
            "rate": 15606.790034758138,
            "count": 156681
        },
        "iterations": {
            "count": 156681,
            "rate": 15606.790034758138
        },
        "http_req_blocked": {
            "avg": 0.41086306868094835,
            "min": 0.000593,
            "med": 0.001688,
            "max": 378.738774,
            "p(90)": 0.002925,
            "p(95)": 0.004061
        }
    }
}