{
    "root_group": {
        "name": "",
        "path": "",
        "id": "d41d8cd98f00b204e9800998ecf8427e",
        "groups": {},
        "checks": {
                "status is expected": {
                    "name": "status is expected",
                    "path": "::status is expected",
                    "id": "7900b1724c781e002b4ea556d2517ccc",
                    "passes": 126,
                    "fails": 0
                }
            }
    },
    "metrics": {
        "vus_max": {
            "value": 1000,
            "min": 1000,
            "max": 1000
        },
        "http_reqs": {
            "count": 126,
            "rate": 3.142951288452091
        },
        "iteration_duration": {
            "max": 39194.946677,
            "p(90)": 33603.918654,
            "p(95)": 35248.085176500004,
            "avg": 26234.174494746043,
            "min": 2581.298243,
            "med": 28302.907901500002
        },
        "http_req_duration{expected_response:true}": {
            "max": 39180.526753,
            "p(90)": 33595.506249,
            "p(95)": 35247.203674000004,
            "avg": 26227.217151880945,
            "min": 2579.424342,
            "med": 28290.036177
        },
        "data_received": {
            "count": 9038402,
            "rate": 225454.42231307903
        },
        "http_req_tls_handshaking": {
            "avg": 0,
            "min": 0,
            "med": 0,
            "max": 0,
            "p(90)": 0,
            "p(95)": 0
        },
        "http_req_duration": {
            "p(90)": 33595.506249,
            "p(95)": 35247.203674000004,
            "avg": 26227.217151880945,
            "min": 2579.424342,
            "med": 28290.036177,
            "max": 39180.526753
        },
        "http_req_blocked": {
            "avg": 6.833825492063494,
            "min": 0.007634,
            "med": 1.2279339999999999,
            "max": 23.795715,
            "p(90)": 19.522954499999997,
            "p(95)": 20.05747675
        },
        "http_req_receiving": {
            "max": 1.924541,
            "p(90)": 0.341317,
            "p(95)": 0.4824515,
            "avg": 0.2412128571428572,
            "min": 0.120176,
            "med": 0.178704
        },
        "iterations": {
            "count": 126,
            "rate": 3.142951288452091
        },
        "http_req_waiting": {
            "avg": 26220.732807730154,
            "min": 2578.458728,
            "med": 28286.929814,
            "max": 39180.033079,
            "p(90)": 33586.0799315,
            "p(95)": 35245.2976245
        },
        "data_sent": {
            "count": 89534,
            "rate": 2233.341275081504
        },
        "http_req_failed": {
            "passes": 0,
            "fails": 126,
            "value": 0
        },
        "checks": {
            "passes": 126,
            "fails": 0,
            "value": 1
        },
        "http_req_sending": {
            "avg": 6.243131293650795,
            "min": 0.01332,
            "med": 0.335048,
            "max": 95.883234,
            "p(90)": 19.9166025,
            "p(95)": 20.25428675
        },
        "http_req_connecting": {
            "avg": 6.364073126984125,
            "min": 0,
            "med": 1.090455,
            "max": 23.730242,
            "p(90)": 19.3161995,
            "p(95)": 19.8917855
        },
        "vus": {
            "min": 880,
            "max": 1000,
            "value": 880
        }
    }
}