{
    "metrics": {
        "vus": {
            "value": 17,
            "min": 17,
            "max": 100
        },
        "checks": {
            "passes": 107,
            "fails": 0,
            "value": 1
        },
        "http_req_waiting": {
            "med": 22024.94859,
            "max": 24180.548194,
            "p(90)": 24081.9608044,
            "p(95)": 24111.5644785,
            "avg": 19872.165365738325,
            "min": 1696.69218
        },
        "http_req_failed": {
            "fails": 107,
            "passes": 0,
            "value": 0
        },
        "http_req_receiving": {
            "med": 0.079094,
            "max": 0.464578,
            "p(90)": 0.13739560000000003,
            "p(95)": 0.1528771,
            "avg": 0.09483156074766359,
            "min": 0.021979
        },
        "vus_max": {
            "value": 100,
            "min": 100,
            "max": 100
        },
        "http_req_blocked": {
            "avg": 3.041897140186917,
            "min": 0.003153,
            "med": 3.100031,
            "max": 8.089719,
            "p(90)": 5.7276299999999996,
            "p(95)": 6.058978899999999
        },
        "http_req_duration": {
            "max": 24181.745416,
            "p(90)": 24082.10787,
            "p(95)": 24112.4702253,
            "avg": 19872.900530252344,
            "min": 1696.836426,
            "med": 22025.994244
        },
        "http_req_sending": {
            "avg": 0.640332953271028,
            "min": 0.015004,
            "med": 0.292008,
            "max": 9.753011,
            "p(90)": 1.2655134000000001,
            "p(95)": 1.6395296999999998
        },
        "http_reqs": {
            "rate": 4.423826720512941,
            "count": 107
        },
        "data_sent": {
            "count": 9309,
            "rate": 384.87292468462584
        },
        "data_received": {
            "count": 89257,
            "rate": 3690.2570242319957
        },
        "http_req_tls_handshaking": {
            "med": 0,
            "max": 0,
            "p(90)": 0,
            "p(95)": 0,
            "avg": 0,
            "min": 0
        },
        "http_req_connecting": {
            "avg": 2.9054302242990655,
            "min": 0,
            "med": 2.935799,
            "max": 8.049137,
            "p(90)": 5.575419000000001,
            "p(95)": 6.002891299999999
        },
        "iteration_duration": {
            "avg": 19876.382318579435,
            "min": 1697.576865,
            "med": 22028.076634,
            "max": 24187.083014,
            "p(90)": 24090.4244626,
            "p(95)": 24116.1417418
        },
        "iterations": {
            "count": 107,
            "rate": 4.423826720512941
        },
        "http_req_duration{expected_response:true}": {
            "med": 22025.994244,
            "max": 24181.745416,
            "p(90)": 24082.10787,
            "p(95)": 24112.4702253,
            "avg": 19872.900530252344,
            "min": 1696.836426
        }
    },
    "root_group": {
        "checks": {
            "status is expected": {
                "id": "7900b1724c781e002b4ea556d2517ccc",
                "passes": 107,
                "fails": 0,
                "name": "status is expected",
                "path": "::status is expected"
            }
        },
        "name": "",
        "path": "",
        "id": "d41d8cd98f00b204e9800998ecf8427e",
        "groups": {}
    }
}