{
    "root_group": {
        "name": "",
        "path": "",
        "id": "d41d8cd98f00b204e9800998ecf8427e",
        "groups": {},
        "checks": {
                "status is expected": {
                    "id": "7900b1724c781e002b4ea556d2517ccc",
                    "passes": 108,
                    "fails": 0,
                    "name": "status is expected",
                    "path": "::status is expected"
                }
            }
    },
    "metrics": {
        "checks": {
            "passes": 108,
            "fails": 0,
            "value": 1
        },
        "iterations": {
            "count": 108,
            "rate": 3.9565711143616524
        },
        "http_reqs": {
            "rate": 3.9565711143616524,
            "count": 108
        },
        "iteration_duration": {
            "p(90)": 26686.622705499998,
            "p(95)": 26871.7925741,
            "avg": 21743.730386916668,
            "min": 1596.234496,
            "med": 24197.850566,
            "max": 27075.906382
        },
        "http_req_duration{expected_response:true}": {
            "max": 27075.578626,
            "p(90)": 26685.920484,
            "p(95)": 26871.1309343,
            "avg": 21742.38904299075,
            "min": 1593.901611,
            "med": 24196.6812305
        },
        "http_req_blocked": {
            "max": 8.001009,
            "p(90)": 1.9536753,
            "p(95)": 2.210490449999999,
            "avg": 0.946614611111111,
            "min": 0.003231,
            "med": 0.7162515
        },
        "http_req_connecting": {
            "avg": 0.8302761574074068,
            "min": 0,
            "med": 0.6599475,
            "max": 3.407936,
            "p(90)": 1.9087133,
            "p(95)": 2.12299305
        },
        "http_req_tls_handshaking": {
            "avg": 0,
            "min": 0,
            "med": 0,
            "max": 0,
            "p(90)": 0,
            "p(95)": 0
        },
        "http_req_sending": {
            "max": 9.281293,
            "p(90)": 8.4578779,
            "p(95)": 8.50722985,
            "avg": 2.2732994814814815,
            "min": 0.015104,
            "med": 0.29878000000000005
        },
        "http_req_waiting": {
            "min": 1593.595145,
            "med": 24192.302926999997,
            "max": 27075.474565,
            "p(90)": 26684.4215462,
            "p(95)": 26870.6053888,
            "avg": 21740.018841407404
        },
        "data_sent": {
            "count": 9396,
            "rate": 344.2216869494638
        },
        "http_req_failed": {
            "fails": 108,
            "passes": 0,
            "value": 0
        },
        "http_req_duration": {
            "p(90)": 26685.920484,
            "p(95)": 26871.1309343,
            "avg": 21742.38904299075,
            "min": 1593.901611,
            "med": 24196.6812305,
            "max": 27075.578626
        },
        "vus_max": {
            "min": 100,
            "max": 100,
            "value": 100
        },
        "data_received": {
            "count": 90089,
            "rate": 3300.403102978953
        },
        "vus": {
            "value": 8,
            "min": 8,
            "max": 100
        },
        "http_req_receiving": {
            "max": 0.266293,
            "p(90)": 0.1372985,
            "p(95)": 0.15779134999999994,
            "avg": 0.09690210185185187,
            "min": 0.037816,
            "med": 0.0842125
        }
    }
}