{
    "root_group": {
        "id": "d41d8cd98f00b204e9800998ecf8427e",
        "groups": {},
        "checks": {
                "status is expected": {
                    "name": "status is expected",
                    "path": "::status is expected",
                    "id": "7900b1724c781e002b4ea556d2517ccc",
                    "passes": 147,
                    "fails": 19648
                }
            },
        "name": "",
        "path": ""
    },
    "metrics": {
        "checks": {
            "passes": 147,
            "fails": 19648,
            "value": 0.007426117706491538
        },
        "iteration_duration": {
            "med": 78.011191,
            "max": 38580.416196,
            "p(90)": 170.4497942,
            "p(95)": 1197.6341447999998,
            "avg": 886.6205226956301,
            "min": 2.469164
        },
        "http_req_tls_handshaking": {
            "avg": 0,
            "min": 0,
            "med": 0,
            "max": 0,
            "p(90)": 0,
            "p(95)": 0
        },
        "http_req_failed": {
            "passes": 19648,
            "fails": 147,
            "value": 0.9925738822935085
        },
        "http_reqs": {
            "count": 19795,
            "rate": 510.86971252114125
        },
        "vus_max": {
            "value": 1000,
            "min": 1000,
            "max": 1000
        },
        "http_req_receiving": {
            "avg": 0.07545429163930305,
            "min": 0.012766,
            "med": 0.017635,
            "max": 42.207868,
            "p(90)": 0.039422000000000026,
            "p(95)": 0.06359359999999999
        },
        "http_req_waiting": {
            "avg": 885.2789485436722,
            "min": 2.294573,
            "med": 77.690308,
            "max": 38574.678841,
            "p(90)": 169.51382440000006,
            "p(95)": 1186.5745376999992
        },
        "data_sent": {
            "count": 1761755,
            "rate": 45467.40441438157
        },
        "http_req_connecting": {
            "p(95)": 0.04641019999999997,
            "avg": 0.22335221283152334,
            "min": 0,
            "med": 0,
            "max": 33.517542,
            "p(90)": 0
        },
        "vus": {
            "value": 22,
            "min": 22,
            "max": 1000
        },
        "iterations": {
            "count": 19795,
            "rate": 510.86971252114125
        },
        "http_req_duration{expected_response:true}": {
            "med": 34122.068005,
            "max": 38575.656818,
            "p(90)": 37851.559119,
            "p(95)": 38211.2279117,
            "avg": 31650.62746236735,
            "min": 3676.389027
        },
        "http_req_blocked": {
            "max": 164.113887,
            "p(90)": 0.0032566000000000023,
            "p(95)": 0.08194839999999985,
            "avg": 0.38382318898711915,
            "min": 0.000812,
            "med": 0.001276
        },
        "http_req_sending": {
            "min": 0.004241,
            "med": 0.006524,
            "max": 147.870702,
            "p(90)": 0.01544700000000001,
            "p(95)": 0.032548399999999894,
            "avg": 0.6965540480424394
        },
        "data_received": {
            "count": 13550984,
            "rate": 349724.03639598814
        },
        "http_req_duration": {
            "med": 77.824467,
            "max": 38575.656818,
            "p(90)": 170.15237680000007,
            "p(95)": 1193.562044,
            "avg": 886.0509568833551,
            "min": 2.415505
        }
    }
}