{
    "metrics": {
        "http_req_connecting": {
            "avg": 0.13500872420638757,
            "min": 0,
            "med": 0,
            "max": 261.192183,
            "p(90)": 0,
            "p(95)": 0
        },
        "http_req_duration": {
            "p(95)": 118.10936959999994,
            "avg": 40.3339645942503,
            "min": 0.061273,
            "med": 30.40694,
            "max": 437.410998,
            "p(90)": 75.27890600000002
        },
        "http_req_duration{expected_response:true}": {
            "avg": 40.3339645942503,
            "min": 0.061273,
            "med": 30.40694,
            "max": 437.410998,
            "p(90)": 75.27890600000002,
            "p(95)": 118.10936959999994
        },
        "iterations": {
            "rate": 15469.199805019822,
            "count": 155145
        },
        "http_req_receiving": {
            "med": 0.016809,
            "max": 325.096977,
            "p(90)": 0.26457500000000017,
            "p(95)": 22.084602799999942,
            "avg": 3.6595135514261234,
            "min": 0.00921
        },
        "http_req_failed": {
            "passes": 0,
            "fails": 155145,
            "value": 0
        },
        "vus": {
            "value": 1000,
            "min": 1000,
            "max": 1000
        },
        "data_sent": {
            "count": 12877035,
            "rate": 1283943.5838166452
        },
        "http_reqs": {
            "count": 155145,
            "rate": 15469.199805019822
        },
        "http_req_blocked": {
            "min": 0.000724,
            "med": 0.001778,
            "max": 261.237634,
            "p(90)": 0.002998,
            "p(95)": 0.004246,
            "avg": 0.15418274552192457
        },
        "http_req_tls_handshaking": {
            "avg": 0,
            "min": 0,
            "med": 0,
            "max": 0,
            "p(90)": 0,
            "p(95)": 0
        },
        "data_received": {
            "count": 21565155,
            "rate": 2150218.7728977553
        },
        "iteration_duration": {
            "avg": 60.97114365044891,
            "min": 0.110913,
            "med": 44.813223,
            "max": 505.049201,
            "p(90)": 125.67629340000003,
            "p(95)": 168.7335078
        },
        "vus_max": {
            "value": 1000,
            "min": 1000,
            "max": 1000
        },
        "http_req_waiting": {
            "avg": 35.004518461819494,
            "min": 0.039017,
            "med": 28.907571,
            "max": 217.911424,
            "p(90)": 66.4072014,
            "p(95)": 92.29923179999999
        },
        "http_req_sending": {
            "p(95)": 0.20266699999999563,
            "avg": 1.6699325810048682,
            "min": 0.003728,
            "med": 0.006979,
            "max": 227.490759,
            "p(90)": 0.0177
        },
        "checks": {
            "passes": 155145,
            "fails": 0,
            "value": 1
        }
    },
    "root_group": {
        "name": "",
        "path": "",
        "id": "d41d8cd98f00b204e9800998ecf8427e",
        "groups": {},
        "checks": {
                "status is expected": {
                    "path": "::status is expected",
                    "id": "7900b1724c781e002b4ea556d2517ccc",
                    "passes": 155145,
                    "fails": 0,
                    "name": "status is expected"
                }
            }
    }
}