{
    "root_group": {
        "name": "",
        "path": "",
        "id": "d41d8cd98f00b204e9800998ecf8427e",
        "groups": {},
        "checks": {
                "status is expected": {
                    "name": "status is expected",
                    "path": "::status is expected",
                    "id": "7900b1724c781e002b4ea556d2517ccc",
                    "passes": 106,
                    "fails": 0
                }
            }
    },
    "metrics": {
        "data_received": {
            "rate": 3072.12428745307,
            "count": 88594
        },
        "http_reqs": {
            "rate": 3.6757023553516652,
            "count": 106
        },
        "http_req_connecting": {
            "med": 0.6008415,
            "max": 7.07323,
            "p(90)": 2.792382,
            "p(95)": 3.1513895,
            "avg": 1.0665309056603771,
            "min": 0
        },
        "checks": {
            "passes": 106,
            "fails": 0,
            "value": 1
        },
        "http_req_blocked": {
            "med": 0.6301209999999999,
            "max": 7.130722,
            "p(90)": 2.824748,
            "p(95)": 3.183668,
            "avg": 1.0977512169811317,
            "min": 0.003053
        },
        "iteration_duration": {
            "p(95)": 27778.5328555,
            "avg": 23235.4274979717,
            "min": 4151.142054,
            "med": 25955.0367065,
            "max": 27995.09389,
            "p(90)": 27620.489979
        },
        "http_req_sending": {
            "med": 0.0803435,
            "max": 0.247865,
            "p(90)": 0.242195,
            "p(95)": 0.2446555,
            "avg": 0.09320057547169813,
            "min": 0.011716
        },
        "http_req_duration": {
            "min": 4150.648997,
            "med": 25953.919326,
            "max": 27994.473984,
            "p(90)": 27619.25047,
            "p(95)": 27778.242142249997,
            "avg": 23233.944498386798
        },
        "http_req_waiting": {
            "max": 27994.153639,
            "p(90)": 27619.079648,
            "p(95)": 27778.116504999998,
            "avg": 23233.744720962273,
            "min": 4150.434857,
            "med": 25953.7842945
        },
        "http_req_failed": {
            "passes": 0,
            "fails": 106,
            "value": 0
        },
        "data_sent": {
            "count": 9222,
            "rate": 319.7861049155949
        },
        "http_req_duration{expected_response:true}": {
            "min": 4150.648997,
            "med": 25953.919326,
            "max": 27994.473984,
            "p(90)": 27619.25047,
            "p(95)": 27778.242142249997,
            "avg": 23233.944498386798
        },
        "vus": {
            "value": 4,
            "min": 4,
            "max": 100
        },
        "iterations": {
            "count": 106,
            "rate": 3.6757023553516652
        },
        "http_req_receiving": {
            "p(95)": 0.21585175,
            "avg": 0.10657684905660376,
            "min": 0.05167,
            "med": 0.0845345,
            "max": 0.727378,
            "p(90)": 0.140137
        },
        "vus_max": {
            "min": 100,
            "max": 100,
            "value": 100
        },
        "http_req_tls_handshaking": {
            "min": 0,
            "med": 0,
            "max": 0,
            "p(90)": 0,
            "p(95)": 0,
            "avg": 0
        }
    }
}