{
    "root_group": {
        "name": "",
        "path": "",
        "id": "d41d8cd98f00b204e9800998ecf8427e",
        "groups": {},
        "checks": {
                "status is expected": {
                    "name": "status is expected",
                    "path": "::status is expected",
                    "id": "7900b1724c781e002b4ea556d2517ccc",
                    "passes": 384152,
                    "fails": 0
                }
            }
    },
    "metrics": {
        "http_req_blocked": {
            "med": 0.00176,
            "max": 112.252055,
            "p(90)": 0.002869,
            "p(95)": 0.003938,
            "avg": 0.11584790098710619,
            "min": 0.000606
        },
        "http_req_connecting": {
            "med": 0,
            "max": 71.411167,
            "p(90)": 0,
            "p(95)": 0,
            "avg": 0.1090622189576001,
            "min": 0
        },
        "http_req_waiting": {
            "max": 76.951777,
            "p(90)": 30.242443700000006,
            "p(95)": 39.82630350000001,
            "avg": 16.33210567943926,
            "min": 0.031558,
            "med": 14.1067425
        },
        "checks": {
            "passes": 384152,
            "fails": 0,
            "value": 1
        },
        "iteration_duration": {
            "p(95)": 62.50326510000002,
            "avg": 25.45731915543358,
            "min": 0.087122,
            "med": 20.195934,
            "max": 182.275637,
            "p(90)": 49.97057860000002
        },
        "http_req_sending": {
            "max": 96.731413,
            "p(90)": 0.016088900000000024,
            "p(95)": 0.09203335000000004,
            "avg": 0.311155029654923,
            "min": 0.003286,
            "med": 0.00711
        },
        "http_req_duration": {
            "avg": 17.658685641212983,
            "min": 0.048461,
            "med": 14.342336,
            "max": 133.64136,
            "p(90)": 32.330495600000006,
            "p(95)": 46.570294650000015
        },
        "http_req_failed": {
            "passes": 0,
            "fails": 384152,
            "value": 0
        },
        "http_reqs": {
            "count": 384152,
            "rate": 38370.45066144244
        },
        "vus_max": {
            "value": 1000,
            "min": 1000,
            "max": 1000
        },
        "iterations": {
            "rate": 38370.45066144244,
            "count": 384152
        },
        "http_req_tls_handshaking": {
            "avg": 0,
            "min": 0,
            "med": 0,
            "max": 0,
            "p(90)": 0,
            "p(95)": 0
        },
        "http_req_receiving": {
            "p(95)": 1.9869838000000017,
            "avg": 1.0154249321180189,
            "min": 0.006691,
            "med": 0.017204,
            "max": 121.501577,
            "p(90)": 0.14923030000000062
        },
        "http_req_duration{expected_response:true}": {
            "min": 0.048461,
            "med": 14.342336,
            "max": 133.64136,
            "p(90)": 32.330495600000006,
            "p(95)": 46.570294650000015,
            "avg": 17.658685641212983
        },
        "vus": {
            "value": 1000,
            "min": 1000,
            "max": 1000
        },
        "data_sent": {
            "count": 31884616,
            "rate": 3184747.4048997224
        },
        "data_received": {
            "rate": 5333492.641940499,
            "count": 53397128
        }
    }
}