{
    "root_group": {
        "groups": {},
        "checks": {
                "status is expected": {
                    "name": "status is expected",
                    "path": "::status is expected",
                    "id": "7900b1724c781e002b4ea556d2517ccc",
                    "passes": 128173,
                    "fails": 0
                }
            },
        "name": "",
        "path": "",
        "id": "d41d8cd98f00b204e9800998ecf8427e"
    },
    "metrics": {
        "checks": {
            "passes": 128173,
            "fails": 0,
            "value": 1
        },
        "http_req_waiting": {
            "avg": 6.898289505059493,
            "min": 0.023145,
            "med": 5.888527,
            "max": 66.74079,
            "p(90)": 12.739636200000001,
            "p(95)": 16.863823399999976
        },
        "http_req_connecting": {
            "max": 6.970225,
            "p(90)": 0,
            "p(95)": 0,
            "avg": 0.00044937587479422324,
            "min": 0,
            "med": 0
        },
        "vus_max": {
            "min": 100,
            "max": 100,
            "value": 100
        },
        "http_req_failed": {
            "passes": 0,
            "fails": 128173,
            "value": 0
        },
        "http_req_duration": {
            "max": 110.610541,
            "p(90)": 13.109688400000007,
            "p(95)": 17.838966199999998,
            "avg": 7.266596004611115,
            "min": 0.042708,
            "med": 5.989948
        },
        "http_req_receiving": {
            "avg": 0.2857277153612689,
            "min": 0.007352,
            "med": 0.01625,
            "max": 74.037889,
            "p(90)": 0.029783,
            "p(95)": 0.11556859999999992
        },
        "data_received": {
            "count": 17816047,
            "rate": 1779663.6731538032
        },
        "http_req_sending": {
            "p(95)": 0.015550399999999994,
            "avg": 0.08257878419011902,
            "min": 0.003061,
            "med": 0.006201,
            "max": 56.557593,
            "p(90)": 0.011302
        },
        "data_sent": {
            "count": 10638359,
            "rate": 1062676.869581048
        },
        "http_req_tls_handshaking": {
            "max": 0,
            "p(90)": 0,
            "p(95)": 0,
            "avg": 0,
            "min": 0,
            "med": 0
        },
        "iterations": {
            "count": 128173,
            "rate": 12803.335778084915
        },
        "http_reqs": {
            "count": 128173,
            "rate": 12803.335778084915
        },
        "iteration_duration": {
            "min": 0.082231,
            "med": 6.216123,
            "max": 110.659942,
            "p(90)": 14.1858312,
            "p(95)": 19.940062199999964,
            "avg": 7.723775241369019
        },
        "vus": {
            "value": 100,
            "min": 100,
            "max": 100
        },
        "http_req_blocked": {
            "p(95)": 0.002898,
            "avg": 0.010415329851060936,
            "min": 0.000629,
            "med": 0.001242,
            "max": 38.522182,
            "p(90)": 0.002211
        },
        "http_req_duration{expected_response:true}": {
            "p(90)": 13.109688400000007,
            "p(95)": 17.838966199999998,
            "avg": 7.266596004611115,
            "min": 0.042708,
            "med": 5.989948,
            "max": 110.610541
        }
    }
}