{
    "root_group": {
        "name": "",
        "path": "",
        "id": "d41d8cd98f00b204e9800998ecf8427e",
        "groups": {},
        "checks": {
                "status is expected": {
                    "id": "7900b1724c781e002b4ea556d2517ccc",
                    "passes": 120,
                    "fails": 0,
                    "name": "status is expected",
                    "path": "::status is expected"
                }
            }
    },
    "metrics": {
        "http_req_failed": {
            "passes": 0,
            "fails": 120,
            "value": 0
        },
        "http_req_blocked": {
            "avg": 67.71810540833334,
            "min": 0.074587,
            "med": 77.562639,
            "max": 85.152803,
            "p(90)": 83.6229459,
            "p(95)": 83.99054335
        },
        "checks": {
            "passes": 120,
            "fails": 0,
            "value": 1
        },
        "data_sent": {
            "count": 89356,
            "rate": 2231.528678211929
        },
        "vus": {
            "value": 885,
            "min": 885,
            "max": 1000
        },
        "http_req_sending": {
            "avg": 2.9875293416666673,
            "min": 0.019562,
            "med": 2.86573,
            "max": 9.986813,
            "p(90)": 6.1018154,
            "p(95)": 6.1053607
        },
        "http_req_receiving": {
            "avg": 0.23155482500000002,
            "min": 0.09696,
            "med": 0.164163,
            "max": 3.717348,
            "p(90)": 0.2961873000000001,
            "p(95)": 0.38196654999999957
        },
        "data_received": {
            "count": 8608000,
            "rate": 214971.56164161654
        },
        "iterations": {
            "count": 120,
            "rate": 2.996815450394283
        },
        "vus_max": {
            "min": 1000,
            "max": 1000,
            "value": 1000
        },
        "http_req_duration{expected_response:true}": {
            "med": 30756.3708825,
            "max": 39750.526057,
            "p(90)": 35412.720776,
            "p(95)": 36478.71704205,
            "avg": 28668.48972514166,
            "min": 6426.186186
        },
        "http_reqs": {
            "count": 120,
            "rate": 2.996815450394283
        },
        "http_req_tls_handshaking": {
            "avg": 0,
            "min": 0,
            "med": 0,
            "max": 0,
            "p(90)": 0,
            "p(95)": 0
        },
        "http_req_connecting": {
            "avg": 67.29750686666668,
            "min": 0.044692,
            "med": 77.5333645,
            "max": 85.114716,
            "p(90)": 83.5914471,
            "p(95)": 83.96479825
        },
        "http_req_waiting": {
            "max": 39750.358108,
            "p(90)": 35411.9375233,
            "p(95)": 36477.86280385,
            "avg": 28665.270640975006,
            "min": 6419.437142,
            "med": 30751.3810325
        },
        "http_req_duration": {
            "p(90)": 35412.720776,
            "p(95)": 36478.71704205,
            "avg": 28668.48972514166,
            "min": 6426.186186,
            "med": 30756.3708825,
            "max": 39750.526057
        },
        "iteration_duration": {
            "med": 30836.204498500003,
            "max": 39750.828079,
            "p(90)": 35424.4234672,
            "p(95)": 36532.6687762,
            "avg": 28736.45113756667,
            "min": 6510.56151
        }
    }
}