{
    "root_group": {
        "name": "",
        "path": "",
        "id": "d41d8cd98f00b204e9800998ecf8427e",
        "groups": {},
        "checks": {
                "status is expected": {
                    "name": "status is expected",
                    "path": "::status is expected",
                    "id": "7900b1724c781e002b4ea556d2517ccc",
                    "passes": 3299,
                    "fails": 0
                }
            }
    },
    "metrics": {
        "http_req_duration{expected_response:true}": {
            "avg": 3667.8240035850185,
            "min": 52.195337,
            "med": 4330.97572,
            "max": 4373.095127,
            "p(90)": 4350.6773466,
            "p(95)": 4358.9611466
        },
        "iteration_duration": {
            "p(90)": 4350.8552924000005,
            "p(95)": 4359.1318645,
            "avg": 3673.4209789939487,
            "min": 52.631641,
            "med": 4331.202907,
            "max": 4373.29929
        },
        "vus_max": {
            "value": 1000,
            "min": 1000,
            "max": 1000
        },
        "http_req_failed": {
            "passes": 0,
            "fails": 3299,
            "value": 0
        },
        "http_req_waiting": {
            "min": 51.049237,
            "med": 4330.799877,
            "max": 4372.879102,
            "p(90)": 4350.4851952,
            "p(95)": 4358.6830697000005,
            "avg": 3667.3061470775992
        },
        "http_req_blocked": {
            "max": 51.787354,
            "p(90)": 21.315536200000004,
            "p(95)": 33.597580799999996,
            "avg": 5.488483848135817,
            "min": 0.053495,
            "med": 0.126917
        },
        "http_req_receiving": {
            "max": 1.817921,
            "p(90)": 0.265475,
            "p(95)": 0.300031,
            "avg": 0.20547446104880254,
            "min": 0.06088,
            "med": 0.195311
        },
        "http_req_sending": {
            "med": 0.025608,
            "max": 5.46049,
            "p(90)": 1.1128118,
            "p(95)": 1.7784894,
            "avg": 0.31238204637769085,
            "min": 0.009274
        },
        "data_sent": {
            "count": 287013,
            "rate": 20062.71247574751
        },
        "http_req_duration": {
            "avg": 3667.8240035850185,
            "min": 52.195337,
            "med": 4330.97572,
            "max": 4373.095127,
            "p(90)": 4350.6773466,
            "p(95)": 4358.9611466
        },
        "checks": {
            "passes": 3299,
            "fails": 0,
            "value": 1
        },
        "http_req_tls_handshaking": {
            "avg": 0,
            "min": 0,
            "med": 0,
            "max": 0,
            "p(90)": 0,
            "p(95)": 0
        },
        "vus": {
            "value": 84,
            "min": 84,
            "max": 1000
        },
        "http_reqs": {
            "count": 3299,
            "rate": 230.60589052583344
        },
        "http_req_connecting": {
            "max": 51.128184,
            "p(90)": 21.118969600000003,
            "p(95)": 33.5050392,
            "avg": 5.377689215216766,
            "min": 0.027331,
            "med": 0.078231
        },
        "iterations": {
            "count": 3299,
            "rate": 230.60589052583344
        },
        "data_received": {
            "rate": 63647.22578513003,
            "count": 910524
        }
    }
}