{
    "metrics": {
        "iterations": {
            "count": 10,
            "rate": 0.24991738457900614
        },
        "http_req_waiting": {
            "avg": 36451.36183170001,
            "min": 33475.851944,
            "med": 36458.18146950001,
            "max": 39396.385896,
            "p(90)": 38818.704675299996,
            "p(95)": 39107.54528565
        },
        "http_req_tls_handshaking": {
            "p(90)": 0,
            "p(95)": 0,
            "avg": 0,
            "min": 0,
            "med": 0,
            "max": 0
        },
        "data_sent": {
            "rate": 2324.231676584757,
            "count": 93000
        },
        "iteration_duration": {
            "min": 33498.368634,
            "med": 36480.1136425,
            "max": 39417.504753,
            "p(90)": 38839.9880685,
            "p(95)": 39128.74641075,
            "avg": 36473.2603429
        },
        "http_req_connecting": {
            "avg": 20.3308489,
            "min": 19.793912,
            "med": 20.3480195,
            "max": 20.847331,
            "p(90)": 20.7374059,
            "p(95)": 20.79236845
        },
        "http_req_sending": {
            "med": 0.794308,
            "max": 1.246153,
            "p(90)": 1.0348275999999998,
            "p(95)": 1.1404902999999997,
            "avg": 0.7662548,
            "min": 0.026065
        },
        "vus": {
            "value": 990,
            "min": 990,
            "max": 1000
        },
        "vus_max": {
            "value": 1000,
            "min": 1000,
            "max": 1000
        },
        "http_reqs": {
            "count": 10,
            "rate": 0.24991738457900614
        },
        "http_req_duration": {
            "avg": 36452.6615529,
            "min": 33477.264627,
            "med": 36459.44391,
            "max": 39397.46071,
            "p(90)": 38819.9285167,
            "p(95)": 39108.69461335
        },
        "http_req_duration{expected_response:true}": {
            "min": 33477.264627,
            "med": 36459.44391,
            "max": 39397.46071,
            "p(90)": 38819.9285167,
            "p(95)": 39108.69461335,
            "avg": 36452.6615529
        },
        "http_req_failed": {
            "passes": 0,
            "fails": 10,
            "value": 0
        },
        "data_received": {
            "count": 719191,
            "rate": 17973.833373276
        },
        "http_req_receiving": {
            "avg": 0.5334664,
            "min": 0.419975,
            "med": 0.5310710000000001,
            "max": 0.715369,
            "p(90)": 0.6067516,
            "p(95)": 0.6610602999999999
        },
        "http_req_blocked": {
            "p(95)": 20.86776095,
            "avg": 20.3887796,
            "min": 19.830792,
            "med": 20.4026675,
            "max": 20.935058,
            "p(90)": 20.8004639
        },
        "checks": {
            "passes": 10,
            "fails": 0,
            "value": 1
        }
    },
    "root_group": {
        "name": "",
        "path": "",
        "id": "d41d8cd98f00b204e9800998ecf8427e",
        "groups": {},
        "checks": {
                "status is expected": {
                    "fails": 0,
                    "name": "status is expected",
                    "path": "::status is expected",
                    "id": "7900b1724c781e002b4ea556d2517ccc",
                    "passes": 10
                }
            }
    }
}