{
    "metrics": {
        "http_req_connecting": {
            "min": 0.284071,
            "med": 1.08587,
            "max": 1.777698,
            "p(90)": 1.5455383999999999,
            "p(95)": 1.6292741499999999,
            "avg": 1.0877561111111105
        },
        "http_req_duration{expected_response:true}": {
            "p(95)": 37770.95506355,
            "avg": 20117.760736077777,
            "min": 440.327099,
            "med": 20127.153622,
            "max": 39729.485564,
            "p(90)": 35794.7601527
        },
        "data_received": {
            "rate": 2262.702063326313,
            "count": 90511
        },
        "iteration_duration": {
            "p(95)": 37771.5095632,
            "avg": 20119.06579072222,
            "min": 442.14766,
            "med": 20128.481004,
            "max": 39729.9437,
            "p(90)": 35795.5408609
        },
        "http_req_tls_handshaking": {
            "med": 0,
            "max": 0,
            "p(90)": 0,
            "p(95)": 0,
            "avg": 0,
            "min": 0
        },
        "http_req_receiving": {
            "avg": 0.30442691111111114,
            "min": 0.141231,
            "med": 0.28565,
            "max": 0.772966,
            "p(90)": 0.39806230000000004,
            "p(95)": 0.43885175
        },
        "http_req_sending": {
            "med": 0.16525600000000001,
            "max": 0.385645,
            "p(90)": 0.24606550000000005,
            "p(95)": 0.29914009999999996,
            "avg": 0.1690568222222222,
            "min": 0.05049
        },
        "vus": {
            "min": 32,
            "max": 100,
            "value": 32
        },
        "http_reqs": {
            "count": 90,
            "rate": 2.2499274751065412
        },
        "data_sent": {
            "rate": 277.54105365147575,
            "count": 11102
        },
        "checks": {
            "passes": 90,
            "fails": 0,
            "value": 1
        },
        "iterations": {
            "rate": 2.2499274751065412,
            "count": 90
        },
        "http_req_duration": {
            "p(90)": 35794.7601527,
            "p(95)": 37770.95506355,
            "avg": 20117.760736077777,
            "min": 440.327099,
            "med": 20127.153622,
            "max": 39729.485564
        },
        "http_req_blocked": {
            "p(95)": 1.72402715,
            "avg": 1.1161684444444444,
            "min": 0.309635,
            "med": 1.1089095000000002,
            "max": 1.832182,
            "p(90)": 1.5779678000000001
        },
        "http_req_failed": {
            "passes": 0,
            "fails": 90,
            "value": 0
        },
        "vus_max": {
            "min": 100,
            "max": 100,
            "value": 100
        },
        "http_req_waiting": {
            "p(90)": 35794.17979000001,
            "p(95)": 37770.36242025,
            "avg": 20117.287252344442,
            "min": 439.949588,
            "med": 20126.754315500002,
            "max": 39729.126729
        }
    },
    "root_group": {
        "name": "",
        "path": "",
        "id": "d41d8cd98f00b204e9800998ecf8427e",
        "groups": {},
        "checks": {
                "status is expected": {
                    "fails": 0,
                    "name": "status is expected",
                    "path": "::status is expected",
                    "id": "7900b1724c781e002b4ea556d2517ccc",
                    "passes": 90
                }
            }
    }
}