{
    "root_group": {
        "name": "",
        "path": "",
        "id": "d41d8cd98f00b204e9800998ecf8427e",
        "groups": {},
        "checks": {
                "status is expected": {
                    "id": "7900b1724c781e002b4ea556d2517ccc",
                    "passes": 61,
                    "fails": 0,
                    "name": "status is expected",
                    "path": "::status is expected"
                }
            }
    },
    "metrics": {
        "checks": {
            "passes": 61,
            "fails": 0,
            "value": 1
        },
        "vus_max": {
            "value": 100,
            "min": 100,
            "max": 100
        },
        "http_req_blocked": {
            "avg": 1.4570154098360653,
            "min": 0.590415,
            "med": 1.462255,
            "max": 2.302073,
            "p(90)": 2.203276,
            "p(95)": 2.2617
        },
        "http_req_duration{expected_response:true}": {
            "max": 39444.785836,
            "p(90)": 35604.817609,
            "p(95)": 37498.80844,
            "avg": 20188.416697278695,
            "min": 915.751598,
            "med": 20198.151334
        },
        "data_received": {
            "count": 61295,
            "rate": 1532.3317941045755
        },
        "http_reqs": {
            "count": 61,
            "rate": 1.5249570020455028
        },
        "http_req_connecting": {
            "avg": 1.3993458360655735,
            "min": 0.560334,
            "med": 1.377262,
            "max": 2.222189,
            "p(90)": 2.145578,
            "p(95)": 2.194877
        },
        "http_req_waiting": {
            "avg": 20187.931009639346,
            "min": 915.227422,
            "med": 20197.684919,
            "max": 39444.141848,
            "p(90)": 35604.28845,
            "p(95)": 37498.341475
        },
        "http_req_sending": {
            "min": 0.011792,
            "med": 0.096573,
            "max": 0.20371,
            "p(90)": 0.158374,
            "p(95)": 0.161557,
            "avg": 0.09351257377049181
        },
        "iterations": {
            "count": 61,
            "rate": 1.5249570020455028
        },
        "http_req_tls_handshaking": {
            "med": 0,
            "max": 0,
            "p(90)": 0,
            "p(95)": 0,
            "avg": 0,
            "min": 0
        },
        "http_req_receiving": {
            "p(95)": 0.565266,
            "avg": 0.39217506557377046,
            "min": 0.262345,
            "med": 0.376057,
            "max": 0.67251,
            "p(90)": 0.508976
        },
        "vus": {
            "value": 54,
            "min": 54,
            "max": 100
        },
        "http_req_failed": {
            "passes": 0,
            "fails": 61,
            "value": 0
        },
        "data_sent": {
            "rate": 261.617623383708,
            "count": 10465
        },
        "iteration_duration": {
            "avg": 20190.09203373771,
            "min": 918.372398,
            "med": 20199.701535,
            "max": 39445.659328,
            "p(90)": 35605.688051,
            "p(95)": 37499.7128
        },
        "http_req_duration": {
            "avg": 20188.416697278695,
            "min": 915.751598,
            "med": 20198.151334,
            "max": 39444.785836,
            "p(90)": 35604.817609,
            "p(95)": 37498.80844
        }
    }
}