{
    "root_group": {
        "name": "",
        "path": "",
        "id": "d41d8cd98f00b204e9800998ecf8427e",
        "groups": {},
        "checks": {
                "status is expected": {
                    "name": "status is expected",
                    "path": "::status is expected",
                    "id": "7900b1724c781e002b4ea556d2517ccc",
                    "passes": 60,
                    "fails": 0
                }
            }
    },
    "metrics": {
        "data_sent": {
            "count": 93000,
            "rate": 2323.975047407948
        },
        "vus": {
            "value": 941,
            "min": 941,
            "max": 1000
        },
        "http_req_tls_handshaking": {
            "max": 0,
            "p(90)": 0,
            "p(95)": 0,
            "avg": 0,
            "min": 0,
            "med": 0
        },
        "checks": {
            "fails": 0,
            "passes": 60,
            "value": 1
        },
        "http_req_duration": {
            "p(90)": 37208.4657143,
            "p(95)": 38569.48457215,
            "avg": 26277.7601016,
            "min": 12609.510793,
            "med": 26258.144127,
            "max": 39929.734234
        },
        "vus_max": {
            "min": 1000,
            "max": 1000,
            "value": 1000
        },
        "http_req_duration{expected_response:true}": {
            "avg": 26277.7601016,
            "min": 12609.510793,
            "med": 26258.144127,
            "max": 39929.734234,
            "p(90)": 37208.4657143,
            "p(95)": 38569.48457215
        },
        "http_req_sending": {
            "avg": 4.271428283333333,
            "min": 0.034657,
            "med": 1.0947125,
            "max": 8.713905,
            "p(90)": 8.7019504,
            "p(95)": 8.7103545
        },
        "data_received": {
            "count": 4317024,
            "rate": 107878.02209743278
        },
        "http_req_blocked": {
            "p(90)": 15.7341702,
            "p(95)": 15.9003262,
            "avg": 9.796104166666664,
            "min": 0.073849,
            "med": 14.260399,
            "max": 46.157197
        },
        "http_req_receiving": {
            "p(95)": 0.6280283999999999,
            "avg": 0.43061460000000007,
            "min": 0.287655,
            "med": 0.393488,
            "max": 0.84329,
            "p(90)": 0.5888345
        },
        "http_req_connecting": {
            "max": 46.109231,
            "p(90)": 15.7062185,
            "p(95)": 15.865779,
            "avg": 9.73753645,
            "min": 0.039834,
            "med": 14.231011
        },
        "http_req_waiting": {
            "max": 39928.091365,
            "p(90)": 37206.9159246,
            "p(95)": 38567.9004163,
            "avg": 26273.058058716666,
            "min": 12608.597019,
            "med": 26249.077948500002
        },
        "http_reqs": {
            "count": 60,
            "rate": 1.4993387402631921
        },
        "http_req_failed": {
            "passes": 0,
            "fails": 60,
            "value": 0
        },
        "iterations": {
            "count": 60,
            "rate": 1.4993387402631921
        },
        "iteration_duration": {
            "max": 39943.994381,
            "p(90)": 37230.488311,
            "p(95)": 38583.79519245,
            "avg": 26287.758738750003,
            "min": 12610.748637,
            "med": 26273.9725665
        }
    }
}