{
    "root_group": {
        "checks": {
            "status is expected": {
                "id": "7900b1724c781e002b4ea556d2517ccc",
                "passes": 1568,
                "fails": 0,
                "name": "status is expected",
                "path": "::status is expected"
            }
        },
        "name": "",
        "path": "",
        "id": "d41d8cd98f00b204e9800998ecf8427e",
        "groups": {}
    },
    "metrics": {
        "http_reqs": {
            "count": 1568,
            "rate": 147.15742634747818
        },
        "http_req_blocked": {
            "p(95)": 1.282564999999999,
            "avg": 0.292380522321428,
            "min": 0.081859,
            "med": 0.16554449999999998,
            "max": 5.000049,
            "p(90)": 0.35647859999999987
        },
        "iterations": {
            "count": 1568,
            "rate": 147.15742634747818
        },
        "data_received": {
            "count": 432768,
            "rate": 40615.449671903974
        },
        "http_req_tls_handshaking": {
            "med": 0,
            "max": 0,
            "p(90)": 0,
            "p(95)": 0,
            "avg": 0,
            "min": 0
        },
        "http_req_sending": {
            "avg": 0.0459086632653061,
            "min": 0.014464,
            "med": 0.0319425,
            "max": 0.720789,
            "p(90)": 0.07081130000000001,
            "p(95)": 0.11428514999999974
        },
        "checks": {
            "passes": 1568,
            "fails": 0,
            "value": 1
        },
        "http_req_receiving": {
            "avg": 0.3232831696428576,
            "min": 0.089799,
            "med": 0.287039,
            "max": 2.58554,
            "p(90)": 0.48670099999999994,
            "p(95)": 0.5907334499999997
        },
        "iteration_duration": {
            "med": 663.089235,
            "max": 877.7731,
            "p(90)": 703.5780332,
            "p(95)": 717.35542665,
            "avg": 658.3654371116066,
            "min": 214.205862
        },
        "http_req_waiting": {
            "med": 662.4528815,
            "max": 876.943082,
            "p(90)": 702.913005,
            "p(95)": 716.442939,
            "avg": 657.5534139566327,
            "min": 205.027259
        },
        "vus_max": {
            "value": 100,
            "min": 100,
            "max": 100
        },
        "vus": {
            "value": 100,
            "min": 100,
            "max": 100
        },
        "http_req_failed": {
            "passes": 0,
            "fails": 1568,
            "value": 0
        },
        "data_sent": {
            "count": 136416,
            "rate": 12802.696092230603
        },
        "http_req_duration": {
            "p(95)": 716.7322413,
            "avg": 657.9226057895412,
            "min": 207.600406,
            "med": 662.79098,
            "max": 877.370832,
            "p(90)": 703.211314
        },
        "http_req_duration{expected_response:true}": {
            "avg": 657.9226057895412,
            "min": 207.600406,
            "med": 662.79098,
            "max": 877.370832,
            "p(90)": 703.211314,
            "p(95)": 716.7322413
        },
        "http_req_connecting": {
            "min": 0.049982,
            "med": 0.1038405,
            "max": 3.318517,
            "p(90)": 0.22403359999999994,
            "p(95)": 1.197890499999996,
            "avg": 0.212569390943878
        }
    }
}