{
    "root_group": {
        "name": "",
        "path": "",
        "id": "d41d8cd98f00b204e9800998ecf8427e",
        "groups": {},
        "checks": {
                "status is expected": {
                    "name": "status is expected",
                    "path": "::status is expected",
                    "id": "7900b1724c781e002b4ea556d2517ccc",
                    "passes": 2580,
                    "fails": 0
                }
            }
    },
    "metrics": {
        "iteration_duration": {
            "p(95)": 6422.204579249999,
            "avg": 5090.333121734499,
            "min": 52.499614,
            "med": 6285.7854575,
            "max": 6492.21891,
            "p(90)": 6407.2684632
        },
        "checks": {
            "passes": 2580,
            "fails": 0,
            "value": 1
        },
        "iterations": {
            "count": 2580,
            "rate": 156.45682098420463
        },
        "http_req_receiving": {
            "p(90)": 0.4519658,
            "p(95)": 0.5549333499999983,
            "avg": 0.30489889689922517,
            "min": 0.07971,
            "med": 0.2739065,
            "max": 2.92666
        },
        "data_sent": {
            "count": 224460,
            "rate": 13611.743425625802
        },
        "http_req_sending": {
            "avg": 0.5395711069767457,
            "min": 0.012289,
            "med": 0.0428795,
            "max": 5.520511,
            "p(90)": 1.7378649999999995,
            "p(95)": 2.4383496499999997
        },
        "http_req_duration{expected_response:true}": {
            "avg": 5080.56889357945,
            "min": 50.748433,
            "med": 6285.398799500001,
            "max": 6491.993667,
            "p(90)": 6407.005926,
            "p(95)": 6421.87662075
        },
        "http_req_duration": {
            "avg": 5080.56889357945,
            "min": 50.748433,
            "med": 6285.398799500001,
            "max": 6491.993667,
            "p(90)": 6407.005926,
            "p(95)": 6421.87662075
        },
        "http_req_tls_handshaking": {
            "min": 0,
            "med": 0,
            "max": 0,
            "p(90)": 0,
            "p(95)": 0,
            "avg": 0
        },
        "http_reqs": {
            "rate": 156.45682098420463,
            "count": 2580
        },
        "http_req_blocked": {
            "p(90)": 32.623183899999994,
            "p(95)": 43.67430559999998,
            "avg": 9.593618342248073,
            "min": 0.073249,
            "med": 0.2084915,
            "max": 53.77136
        },
        "vus": {
            "value": 79,
            "min": 79,
            "max": 1000
        },
        "vus_max": {
            "value": 1000,
            "min": 1000,
            "max": 1000
        },
        "http_req_waiting": {
            "avg": 5079.724423575584,
            "min": 49.754401,
            "med": 6285.090265999999,
            "max": 6491.645111,
            "p(90)": 6406.692433900001,
            "p(95)": 6421.612597249999
        },
        "http_req_failed": {
            "fails": 2580,
            "passes": 0,
            "value": 0
        },
        "data_received": {
            "count": 712080,
            "rate": 43182.08259164048
        },
        "http_req_connecting": {
            "avg": 9.427617651550374,
            "min": 0.044747,
            "med": 0.13326300000000002,
            "max": 53.73707,
            "p(90)": 32.19681009999999,
            "p(95)": 42.91538084999986
        }
    }
}