{
    "root_group": {
        "checks": {
            "status is expected": {
                "name": "status is expected",
                "path": "::status is expected",
                "id": "7900b1724c781e002b4ea556d2517ccc",
                "passes": 2330,
                "fails": 0
            }
        },
        "name": "",
        "path": "",
        "id": "d41d8cd98f00b204e9800998ecf8427e",
        "groups": {}
    },
    "metrics": {
        "http_req_waiting": {
            "p(95)": 482.034811,
            "avg": 438.1485215939921,
            "min": 8.19567,
            "med": 442.785034,
            "max": 493.391012,
            "p(90)": 470.5965771
        },
        "data_sent": {
            "count": 202710,
            "rate": 19425.44456547914
        },
        "iterations": {
            "rate": 223.2809720170016,
            "count": 2330
        },
        "http_req_sending": {
            "max": 0.415398,
            "p(90)": 0.036086599999999996,
            "p(95)": 0.06009179999999999,
            "avg": 0.026869641630901255,
            "min": 0.010575,
            "med": 0.021034499999999998
        },
        "http_req_duration": {
            "med": 443.0042715,
            "max": 493.613821,
            "p(90)": 471.0276317,
            "p(95)": 482.27898595,
            "avg": 438.38427124163104,
            "min": 8.442227
        },
        "http_req_failed": {
            "passes": 0,
            "fails": 2330,
            "value": 0
        },
        "checks": {
            "passes": 2330,
            "fails": 0,
            "value": 1
        },
        "vus_max": {
            "value": 100,
            "min": 100,
            "max": 100
        },
        "http_req_blocked": {
            "avg": 0.16157669098712463,
            "min": 0.063635,
            "med": 0.1125275,
            "max": 2.937263,
            "p(90)": 0.18245569999999997,
            "p(95)": 0.3256260499999987
        },
        "vus": {
            "min": 100,
            "max": 100,
            "value": 100
        },
        "data_received": {
            "count": 643080,
            "rate": 61625.54827669245
        },
        "http_req_duration{expected_response:true}": {
            "p(95)": 482.27898595,
            "avg": 438.38427124163104,
            "min": 8.442227,
            "med": 443.0042715,
            "max": 493.613821,
            "p(90)": 471.0276317
        },
        "http_req_connecting": {
            "max": 2.858267,
            "p(90)": 0.11533039999999997,
            "p(95)": 0.20101819999999887,
            "avg": 0.11408364592274679,
            "min": 0.037712,
            "med": 0.06904850000000001
        },
        "http_req_receiving": {
            "max": 0.893241,
            "p(90)": 0.2706668,
            "p(95)": 0.3263524499999998,
            "avg": 0.20888000600858347,
            "min": 0.067678,
            "med": 0.19713799999999998
        },
        "http_reqs": {
            "count": 2330,
            "rate": 223.2809720170016
        },
        "iteration_duration": {
            "p(90)": 471.19660799999997,
            "p(95)": 482.51978034999996,
            "avg": 438.6437733377686,
            "min": 9.748642,
            "med": 443.2661915,
            "max": 493.808585
        },
        "http_req_tls_handshaking": {
            "max": 0,
            "p(90)": 0,
            "p(95)": 0,
            "avg": 0,
            "min": 0,
            "med": 0
        }
    }
}