{
    "root_group": {
        "name": "",
        "path": "",
        "id": "d41d8cd98f00b204e9800998ecf8427e",
        "groups": {},
        "checks": {
                "status is expected": {
                    "passes": 148,
                    "fails": 0,
                    "name": "status is expected",
                    "path": "::status is expected",
                    "id": "7900b1724c781e002b4ea556d2517ccc"
                }
            }
    },
    "metrics": {
        "http_req_duration{expected_response:true}": {
            "avg": 13722.654949067557,
            "min": 1302.002564,
            "med": 15471.2053325,
            "max": 20997.580654,
            "p(90)": 20105.3009906,
            "p(95)": 20401.63901215
        },
        "http_req_connecting": {
            "avg": 0.722253108108108,
            "min": 0,
            "med": 0.11780299999999999,
            "max": 3.964558,
            "p(90)": 2.5663076000000005,
            "p(95)": 3.218888100000001
        },
        "http_req_failed": {
            "passes": 0,
            "fails": 148,
            "value": 0
        },
        "vus_max": {
            "value": 100,
            "min": 100,
            "max": 100
        },
        "data_received": {
            "count": 142292,
            "rate": 4798.293420506984
        },
        "vus": {
            "value": 6,
            "min": 6,
            "max": 100
        },
        "http_req_receiving": {
            "avg": 0.08781269594594587,
            "min": 0.034539,
            "med": 0.079229,
            "max": 0.277722,
            "p(90)": 0.1090179,
            "p(95)": 0.14717159999999999
        },
        "http_req_tls_handshaking": {
            "min": 0,
            "med": 0,
            "max": 0,
            "p(90)": 0,
            "p(95)": 0,
            "avg": 0
        },
        "iteration_duration": {
            "p(90)": 20105.4497137,
            "p(95)": 20401.85646885,
            "avg": 13723.706480162162,
            "min": 1302.607938,
            "med": 15471.5257695,
            "max": 20997.774769
        },
        "iterations": {
            "count": 148,
            "rate": 4.990775491489568
        },
        "http_req_blocked": {
            "p(95)": 3.31390325,
            "avg": 0.8009715405405405,
            "min": 0.002257,
            "med": 0.164583,
            "max": 6.0122,
            "p(90)": 2.6695520000000013
        },
        "http_req_sending": {
            "med": 0.056448,
            "max": 1.301681,
            "p(90)": 1.1841609,
            "p(95)": 1.2101196,
            "avg": 0.3311588783783785,
            "min": 0.008193
        },
        "http_reqs": {
            "count": 148,
            "rate": 4.990775491489568
        },
        "http_req_duration": {
            "p(90)": 20105.3009906,
            "p(95)": 20401.63901215,
            "avg": 13722.654949067557,
            "min": 1302.002564,
            "med": 15471.2053325,
            "max": 20997.580654
        },
        "data_sent": {
            "rate": 434.1974677595924,
            "count": 12876
        },
        "http_req_waiting": {
            "avg": 13722.235977493248,
            "min": 1300.749052,
            "med": 15471.10444,
            "max": 20997.47299,
            "p(90)": 20105.209874,
            "p(95)": 20401.535496
        },
        "checks": {
            "fails": 0,
            "passes": 148,
            "value": 1
        }
    }
}