{
    "metrics": {
        "data_sent": {
            "count": 5470115,
            "rate": 545982.8633170666
        },
        "http_req_waiting": {
            "avg": 15.097995840846707,
            "min": 0.69894,
            "med": 14.278151,
            "max": 852.430075,
            "p(90)": 18.6884488,
            "p(95)": 20.324035199999994
        },
        "http_reqs": {
            "count": 65905,
            "rate": 6578.10678695261
        },
        "http_req_duration{expected_response:true}": {
            "p(90)": 18.722721,
            "p(95)": 20.357488599999996,
            "avg": 15.128019932250925,
            "min": 0.80282,
            "med": 14.310591,
            "max": 852.480245
        },
        "http_req_duration": {
            "max": 852.480245,
            "p(90)": 18.722721,
            "p(95)": 20.357488599999996,
            "avg": 15.128019932250925,
            "min": 0.80282,
            "med": 14.310591
        },
        "http_req_connecting": {
            "avg": 0.0020327840528032784,
            "min": 0,
            "med": 0,
            "max": 2.750524,
            "p(90)": 0,
            "p(95)": 0
        },
        "http_req_blocked": {
            "avg": 0.003487745724907026,
            "min": 0.000513,
            "med": 0.001081,
            "max": 7.421252,
            "p(90)": 0.001845,
            "p(95)": 0.002299
        },
        "checks": {
            "passes": 65905,
            "fails": 0,
            "value": 1
        },
        "http_req_sending": {
            "min": 0.00241,
            "med": 0.005246,
            "max": 7.595769,
            "p(90)": 0.009036,
            "p(95)": 0.010795799999999996,
            "avg": 0.006506222744860049
        },
        "iterations": {
            "count": 65905,
            "rate": 6578.10678695261
        },
        "vus": {
            "value": 100,
            "min": 100,
            "max": 100
        },
        "http_req_tls_handshaking": {
            "max": 0,
            "p(90)": 0,
            "p(95)": 0,
            "avg": 0,
            "min": 0,
            "med": 0
        },
        "iteration_duration": {
            "min": 1.666043,
            "med": 14.364811,
            "max": 853.483193,
            "p(90)": 18.781819000000002,
            "p(95)": 20.4102392,
            "avg": 15.180249052105257
        },
        "http_req_receiving": {
            "avg": 0.023517868659434178,
            "min": 0.007466,
            "med": 0.020267,
            "max": 8.22325,
            "p(90)": 0.0320566,
            "p(95)": 0.03823379999999999
        },
        "http_req_failed": {
            "fails": 65905,
            "passes": 0,
            "value": 0
        },
        "data_received": {
            "rate": 1710307.7646076786,
            "count": 17135300
        },
        "vus_max": {
            "value": 100,
            "min": 100,
            "max": 100
        }
    },
    "root_group": {
        "checks": {
            "status is expected": {
                "name": "status is expected",
                "path": "::status is expected",
                "id": "7900b1724c781e002b4ea556d2517ccc",
                "passes": 65905,
                "fails": 0
            }
        },
        "name": "",
        "path": "",
        "id": "d41d8cd98f00b204e9800998ecf8427e",
        "groups": {}
    }
}