{
    "root_group": {
        "name": "",
        "path": "",
        "id": "d41d8cd98f00b204e9800998ecf8427e",
        "groups": {},
        "checks": {
                "status is expected": {
                    "fails": 0,
                    "name": "status is expected",
                    "path": "::status is expected",
                    "id": "7900b1724c781e002b4ea556d2517ccc",
                    "passes": 190
                }
            }
    },
    "metrics": {
        "vus": {
            "value": 853,
            "min": 853,
            "max": 1000
        },
        "http_req_waiting": {
            "avg": 20639.457729173693,
            "min": 1818.918847,
            "med": 20772.785135,
            "max": 39719.891464,
            "p(90)": 36285.216082,
            "p(95)": 38214.92325365
        },
        "http_req_failed": {
            "passes": 0,
            "fails": 190,
            "value": 0
        },
        "http_req_blocked": {
            "min": 28.307636,
            "med": 55.865888,
            "max": 62.143863,
            "p(90)": 61.0083848,
            "p(95)": 61.56077905,
            "avg": 49.12504862631582
        },
        "http_req_connecting": {
            "avg": 49.01749714210525,
            "min": 28.238695,
            "med": 55.828927,
            "max": 62.046353,
            "p(90)": 60.9714618,
            "p(95)": 61.523386550000005
        },
        "http_req_tls_handshaking": {
            "p(90)": 0,
            "p(95)": 0,
            "avg": 0,
            "min": 0,
            "med": 0,
            "max": 0
        },
        "iterations": {
            "count": 190,
            "rate": 4.745623414295769
        },
        "http_req_duration": {
            "med": 20774.9829145,
            "max": 39721.109945,
            "p(90)": 36286.5083763,
            "p(95)": 38216.177314399996,
            "avg": 20641.51092411052,
            "min": 1822.231001
        },
        "http_req_duration{expected_response:true}": {
            "p(95)": 38216.177314399996,
            "avg": 20641.51092411052,
            "min": 1822.231001,
            "med": 20774.9829145,
            "max": 39721.109945,
            "p(90)": 36286.5083763
        },
        "checks": {
            "fails": 0,
            "passes": 190,
            "value": 1
        },
        "http_req_sending": {
            "p(95)": 3.2536899,
            "avg": 1.7870851789473692,
            "min": 0.022772,
            "med": 1.8436315,
            "max": 5.291973,
            "p(90)": 2.1059007999999997
        },
        "http_reqs": {
            "count": 190,
            "rate": 4.745623414295769
        },
        "vus_max": {
            "value": 1000,
            "min": 1000,
            "max": 1000
        },
        "data_sent": {
            "count": 92827,
            "rate": 2318.5367614675442
        },
        "data_received": {
            "count": 13654932,
            "rate": 341058.7632621924
        },
        "http_req_receiving": {
            "avg": 0.26610975789473684,
            "min": 0.096909,
            "med": 0.182646,
            "max": 3.726671,
            "p(90)": 0.41791849999999997,
            "p(95)": 0.5454647499999994
        },
        "iteration_duration": {
            "p(90)": 36316.7819027,
            "p(95)": 38247.11425755,
            "avg": 20690.995969284217,
            "min": 1883.841232,
            "med": 20834.8064235,
            "max": 39753.09775
        }
    }
}