{
    "metrics": {
        "http_req_failed": {
            "passes": 0,
            "fails": 67179,
            "value": 0
        },
        "data_sent": {
            "count": 5575857,
            "rate": 549633.7924218955
        },
        "http_req_waiting": {
            "avg": 148.95548234116163,
            "min": 8.521523,
            "med": 102.209995,
            "max": 10079.323985,
            "p(90)": 115.90488260000001,
            "p(95)": 120.0419914
        },
        "http_req_sending": {
            "p(95)": 0.010870299999999996,
            "avg": 0.03734277394721527,
            "min": 0.002448,
            "med": 0.004914,
            "max": 10.328685,
            "p(90)": 0.008624
        },
        "data_received": {
            "count": 17466540,
            "rate": 1721744.409996299
        },
        "http_req_blocked": {
            "avg": 0.3240960877655198,
            "min": 0.000503,
            "med": 0.001016,
            "max": 55.456319,
            "p(90)": 0.001792,
            "p(95)": 0.0023810999999999984
        },
        "iteration_duration": {
            "avg": 149.38709948159237,
            "min": 10.712586,
            "med": 102.344492,
            "max": 10113.168053,
            "p(90)": 116.0127518,
            "p(95)": 120.1423076
        },
        "http_req_duration{expected_response:true}": {
            "med": 102.237288,
            "max": 10079.850375,
            "p(90)": 115.9315352,
            "p(95)": 120.0676299,
            "avg": 149.01508881235085,
            "min": 10.46613
        },
        "iterations": {
            "count": 67179,
            "rate": 6622.09388460115
        },
        "http_reqs": {
            "rate": 6622.09388460115,
            "count": 67179
        },
        "http_req_tls_handshaking": {
            "p(90)": 0,
            "p(95)": 0,
            "avg": 0,
            "min": 0,
            "med": 0,
            "max": 0
        },
        "http_req_connecting": {
            "avg": 0.316261931332708,
            "min": 0,
            "med": 0,
            "max": 47.591504,
            "p(90)": 0,
            "p(95)": 0
        },
        "checks": {
            "passes": 67179,
            "fails": 0,
            "value": 1
        },
        "vus": {
            "max": 1000,
            "value": 1000,
            "min": 1000
        },
        "http_req_receiving": {
            "avg": 0.022263697241697463,
            "min": 0.008502,
            "med": 0.019682,
            "max": 4.762112,
            "p(90)": 0.029538,
            "p(95)": 0.034317099999999996
        },
        "http_req_duration": {
            "med": 102.237288,
            "max": 10079.850375,
            "p(90)": 115.9315352,
            "p(95)": 120.0676299,
            "avg": 149.01508881235085,
            "min": 10.46613
        },
        "vus_max": {
            "max": 1000,
            "value": 1000,
            "min": 1000
        }
    },
    "root_group": {
        "groups": {},
        "checks": {
                "status is expected": {
                    "name": "status is expected",
                    "path": "::status is expected",
                    "id": "7900b1724c781e002b4ea556d2517ccc",
                    "passes": 67179,
                    "fails": 0
                }
            },
        "name": "",
        "path": "",
        "id": "d41d8cd98f00b204e9800998ecf8427e"
    }
}