{
    "root_group": {
        "path": "",
        "id": "d41d8cd98f00b204e9800998ecf8427e",
        "groups": {},
        "checks": {
                "status is expected": {
                    "name": "status is expected",
                    "path": "::status is expected",
                    "id": "7900b1724c781e002b4ea556d2517ccc",
                    "passes": 56584,
                    "fails": 0
                }
            },
        "name": ""
    },
    "metrics": {
        "http_req_blocked": {
            "avg": 0.4934402052700454,
            "min": 0.00065,
            "med": 0.001382,
            "max": 73.439338,
            "p(90)": 0.002515,
            "p(95)": 0.0036128499999999986
        },
        "http_req_connecting": {
            "avg": 0.48558312079386357,
            "min": 0,
            "med": 0,
            "max": 73.386149,
            "p(90)": 0,
            "p(95)": 0
        },
        "data_sent": {
            "count": 4696472,
            "rate": 457493.3456784584
        },
        "iteration_duration": {
            "min": 16.38427,
            "med": 93.8121365,
            "max": 10226.289063,
            "p(90)": 120.61470760000006,
            "p(95)": 134.705649,
            "avg": 178.18546622182916
        },
        "http_req_sending": {
            "med": 0.0065965,
            "max": 9.330934,
            "p(90)": 0.012289700000000004,
            "p(95)": 0.016585399999999993,
            "avg": 0.039017107397851025,
            "min": 0.003032
        },
        "http_req_failed": {
            "passes": 0,
            "fails": 56584,
            "value": 0
        },
        "http_req_waiting": {
            "avg": 177.5573249263395,
            "min": 14.280268,
            "med": 93.469651,
            "max": 10186.177088,
            "p(90)": 120.4733757,
            "p(95)": 134.5394266499999
        },
        "data_received": {
            "count": 14711840,
            "rate": 1433111.6852578216
        },
        "iterations": {
            "count": 56584,
            "rate": 5511.968020222391
        },
        "http_reqs": {
            "count": 56584,
            "rate": 5511.968020222391
        },
        "checks": {
            "passes": 56584,
            "fails": 0,
            "value": 1
        },
        "vus_max": {
            "value": 1000,
            "min": 1000,
            "max": 1000
        },
        "http_req_tls_handshaking": {
            "med": 0,
            "max": 0,
            "p(90)": 0,
            "p(95)": 0,
            "avg": 0,
            "min": 0
        },
        "http_req_duration": {
            "avg": 177.62717367473272,
            "min": 15.450343,
            "med": 93.532668,
            "max": 10186.416095,
            "p(90)": 120.51771420000001,
            "p(95)": 134.58263624999995
        },
        "http_req_receiving": {
            "min": 0.010128,
            "med": 0.0248245,
            "max": 9.594183,
            "p(90)": 0.040745600000000035,
            "p(95)": 0.05008694999999999,
            "avg": 0.030831640993920502
        },
        "http_req_duration{expected_response:true}": {
            "min": 15.450343,
            "med": 93.532668,
            "max": 10186.416095,
            "p(90)": 120.51771420000001,
            "p(95)": 134.58263624999995,
            "avg": 177.62717367473272
        },
        "vus": {
            "value": 1000,
            "min": 1000,
            "max": 1000
        }
    }
}