{
    "metrics": {
        "http_req_connecting": {
            "avg": 91.7518405445026,
            "min": 0.076389,
            "med": 111.508497,
            "max": 127.319424,
            "p(90)": 124.556488,
            "p(95)": 126.7484005
        },
        "data_received": {
            "count": 13728063,
            "rate": 342786.8221669491
        },
        "http_req_sending": {
            "avg": 4.317801999999998,
            "min": 0.068258,
            "med": 2.173168,
            "max": 18.490617,
            "p(90)": 7.641807,
            "p(95)": 7.6553435
        },
        "http_req_waiting": {
            "avg": 20585.409382020942,
            "min": 1625.358047,
            "med": 20766.769304,
            "max": 39800.532042,
            "p(90)": 36331.92531,
            "p(95)": 37882.117702999996
        },
        "http_req_tls_handshaking": {
            "avg": 0,
            "min": 0,
            "med": 0,
            "max": 0,
            "p(90)": 0,
            "p(95)": 0
        },
        "http_req_failed": {
            "passes": 0,
            "fails": 191,
            "value": 0
        },
        "iterations": {
            "count": 191,
            "rate": 4.769229499739859
        },
        "vus": {
            "min": 853,
            "max": 1000,
            "value": 853
        },
        "http_req_duration{expected_response:true}": {
            "med": 20769.081941,
            "max": 39814.325826,
            "p(90)": 36339.730629,
            "p(95)": 37889.918801499996,
            "avg": 20590.009581952883,
            "min": 1626.345833
        },
        "http_reqs": {
            "count": 191,
            "rate": 4.769229499739859
        },
        "iteration_duration": {
            "avg": 20682.824198162296,
            "min": 1627.034831,
            "med": 20875.040226,
            "max": 39876.163456,
            "p(90)": 36423.104692,
            "p(95)": 37973.834886
        },
        "http_req_receiving": {
            "p(95)": 0.5455425,
            "avg": 0.2823979319371728,
            "min": 0.104555,
            "med": 0.187533,
            "max": 3.676131,
            "p(90)": 0.459783
        },
        "vus_max": {
            "max": 1000,
            "value": 1000,
            "min": 1000
        },
        "data_sent": {
            "count": 92827,
            "rate": 2317.8705066615285
        },
        "http_req_blocked": {
            "min": 0.112811,
            "med": 111.773241,
            "max": 130.023565,
            "p(90)": 124.685207,
            "p(95)": 126.90839650000001,
            "avg": 92.22720269633517
        },
        "checks": {
            "passes": 191,
            "fails": 0,
            "value": 1
        },
        "http_req_duration": {
            "avg": 20590.009581952883,
            "min": 1626.345833,
            "med": 20769.081941,
            "max": 39814.325826,
            "p(90)": 36339.730629,
            "p(95)": 37889.918801499996
        }
    },
    "root_group": {
        "name": "",
        "path": "",
        "id": "d41d8cd98f00b204e9800998ecf8427e",
        "groups": {},
        "checks": {
                "status is expected": {
                    "name": "status is expected",
                    "path": "::status is expected",
                    "id": "7900b1724c781e002b4ea556d2517ccc",
                    "passes": 191,
                    "fails": 0
                }
            }
    }
}