{
    "root_group": {
        "path": "",
        "id": "d41d8cd98f00b204e9800998ecf8427e",
        "groups": {},
        "checks": {
                "status is expected": {
                    "name": "status is expected",
                    "path": "::status is expected",
                    "id": "7900b1724c781e002b4ea556d2517ccc",
                    "passes": 142,
                    "fails": 0
                }
            },
        "name": ""
    },
    "metrics": {
        "http_req_blocked": {
            "min": 0.002911,
            "med": 1.3338649999999999,
            "max": 4.007981,
            "p(90)": 2.931005,
            "p(95)": 3.50333155,
            "avg": 1.3368907253521123
        },
        "vus": {
            "value": 7,
            "min": 7,
            "max": 100
        },
        "data_sent": {
            "count": 12354,
            "rate": 419.5617488211164
        },
        "data_received": {
            "count": 136673,
            "rate": 4641.635332412858
        },
        "http_req_duration": {
            "avg": 14172.30997428169,
            "min": 1785.355158,
            "med": 15896.0681545,
            "max": 21601.536639,
            "p(90)": 20769.4157671,
            "p(95)": 21006.92562135
        },
        "http_req_duration{expected_response:true}": {
            "med": 15896.0681545,
            "max": 21601.536639,
            "p(90)": 20769.4157671,
            "p(95)": 21006.92562135,
            "avg": 14172.30997428169,
            "min": 1785.355158
        },
        "http_req_failed": {
            "passes": 0,
            "fails": 142,
            "value": 0
        },
        "iterations": {
            "count": 142,
            "rate": 4.822548837024327
        },
        "http_req_tls_handshaking": {
            "min": 0,
            "med": 0,
            "max": 0,
            "p(90)": 0,
            "p(95)": 0,
            "avg": 0
        },
        "http_req_waiting": {
            "max": 21601.232741,
            "p(90)": 20769.3019438,
            "p(95)": 21006.8667684,
            "avg": 14171.997423457742,
            "min": 1785.084921,
            "med": 15894.3950535
        },
        "iteration_duration": {
            "min": 1787.82732,
            "med": 15896.747855,
            "max": 21604.595427,
            "p(90)": 20769.742749200002,
            "p(95)": 21007.04632325,
            "avg": 14173.888623288729
        },
        "http_reqs": {
            "count": 142,
            "rate": 4.822548837024327
        },
        "http_req_receiving": {
            "min": 0.021873,
            "med": 0.087401,
            "max": 2.454126,
            "p(90)": 0.14034200000000002,
            "p(95)": 0.18555109999999994,
            "avg": 0.1132614647887324
        },
        "vus_max": {
            "max": 100,
            "value": 100,
            "min": 100
        },
        "http_req_connecting": {
            "p(95)": 3.296753349999999,
            "avg": 1.2791268521126757,
            "min": 0,
            "med": 1.2663575,
            "max": 3.964256,
            "p(90)": 2.8813131000000003
        },
        "http_req_sending": {
            "p(90)": 0.3564621000000008,
            "p(95)": 1.4877592499999999,
            "avg": 0.1992893591549296,
            "min": 0.014075,
            "med": 0.07362450000000001,
            "max": 1.582558
        },
        "checks": {
            "passes": 142,
            "fails": 0,
            "value": 1
        }
    }
}