{
    "metrics": {
        "http_req_blocked": {
            "med": 0.001309,
            "max": 3.282883,
            "p(90)": 0.002231,
            "p(95)": 0.0028128499999999987,
            "avg": 0.004490674364580458,
            "min": 0.000634
        },
        "http_reqs": {
            "count": 58544,
            "rate": 5846.770272918634
        },
        "http_req_duration{expected_response:true}": {
            "p(95)": 23.243924999999997,
            "avg": 17.018999448243964,
            "min": 1.302182,
            "med": 15.033076000000001,
            "max": 1289.964426,
            "p(90)": 20.449505900000005
        },
        "data_received": {
            "count": 15221440,
            "rate": 1520160.2709588448
        },
        "http_req_tls_handshaking": {
            "avg": 0,
            "min": 0,
            "med": 0,
            "max": 0,
            "p(90)": 0,
            "p(95)": 0
        },
        "http_req_receiving": {
            "med": 0.023428,
            "max": 23.602524,
            "p(90)": 0.03886970000000001,
            "p(95)": 0.04760864999999999,
            "avg": 0.02882319341008493,
            "min": 0.009938
        },
        "data_sent": {
            "count": 4859152,
            "rate": 485281.9326522466
        },
        "iterations": {
            "count": 58544,
            "rate": 5846.770272918634
        },
        "vus_max": {
            "min": 100,
            "max": 100,
            "value": 100
        },
        "http_req_sending": {
            "avg": 0.009078460183793473,
            "min": 0.003008,
            "med": 0.006228,
            "max": 12.956987,
            "p(90)": 0.011263,
            "p(95)": 0.013858849999999999
        },
        "http_req_waiting": {
            "avg": 16.981097794650196,
            "min": 1.265223,
            "med": 14.9980855,
            "max": 1289.911414,
            "p(90)": 20.4079503,
            "p(95)": 23.18810915
        },
        "iteration_duration": {
            "min": 1.362752,
            "med": 15.092269,
            "max": 1290.153993,
            "p(90)": 20.517259300000003,
            "p(95)": 23.32423975,
            "avg": 17.08093597390005
        },
        "vus": {
            "max": 100,
            "value": 100,
            "min": 100
        },
        "http_req_connecting": {
            "avg": 0.002760106449849686,
            "min": 0,
            "med": 0,
            "max": 2.996761,
            "p(90)": 0,
            "p(95)": 0
        },
        "http_req_duration": {
            "avg": 17.018999448243964,
            "min": 1.302182,
            "med": 15.033076000000001,
            "max": 1289.964426,
            "p(90)": 20.449505900000005,
            "p(95)": 23.243924999999997
        },
        "checks": {
            "passes": 58544,
            "fails": 0,
            "value": 1
        },
        "http_req_failed": {
            "passes": 0,
            "fails": 58544,
            "value": 0
        }
    },
    "root_group": {
        "name": "",
        "path": "",
        "id": "d41d8cd98f00b204e9800998ecf8427e",
        "groups": {},
        "checks": {
                "status is expected": {
                    "passes": 58544,
                    "fails": 0,
                    "name": "status is expected",
                    "path": "::status is expected",
                    "id": "7900b1724c781e002b4ea556d2517ccc"
                }
            }
    }
}